產業別,公司代號,名稱,股價日期,成交,漲跌價,漲跌幅,成交張數,市場,面值(元),股本(億),市值(億),成立年數,上市年數,董事長,總經理
食品工業,1258,其祥-KY,3月2日,40.2,0,0%,142,上櫃,10,3.55,14.3,6.8,5.2,王其祥,王建山
觀光事業,1259,安心,3月2日,80,0.4,0.50%,52,上櫃,10,3.24,25.9,26.3,5.2,黃茂雄,高順興
食品工業,1264,德麥,3月2日,219,2,0.92%,34,上櫃,10,3.06,67.1,27.7,1.9,林雪嬌,吳文欽
電子零組件業,1333,恩得利,3月2日,3.74,-0.06,-1.58%,8,上櫃,10,6.15,2.3,23.4,11.6,林義雄,林有欽
電子零組件業,1336,台翰,3月2日,9.63,-0.04,-0.41%,26,上櫃,10,6.28,6.04,29.5,9.3,楊劍平,楊劍平
生技醫療業,1565,精華,3月2日,532,1,0.19%,404,上櫃,10,5.04,268,30.4,12.9,陳明賢,周育然
電機機械,1566,捷邦,3月2日,17.1,0.15,0.88%,68,上櫃,10,6.65,11.4,40.2,6.1,胡湘麒,胡湘麒
電腦及週邊設備業,1569,濱川,3月2日,26.95,-2.95,-9.87%,"22,555",上櫃,10,9.38,25.3,33.9,11.6,蕭欽銘,蕭欽群
電機機械,1570,力肯,3月2日,13.8,-0.05,-0.36%,32,上櫃,10,5.15,7.11,33.2,11.7,溫銘漢,溫銘漢
電機機械,1580,新麥,3月2日,135.5,-0.5,-0.37%,58,上櫃,10,4.85,65.8,33.4,9.2,謝順和,呂國宏
其他業,1584,精剛,3月2日,15.2,0,0%,901,上櫃,10,8.25,12.5,14.8,9.3,陳興時,張世豐
電機機械,1586,和勤,3月2日,26.8,0.05,0.19%,336,上櫃,10,6.96,18.6,24.3,5.1,邱東和,邱森玉
電機機械,1591,駿吉-KY,3月2日,21.7,-1.45,-6.26%,54,上櫃,10,3.01,6.54,7.3,4.9,江文洲,江文洲
生技醫療業,1593,祺驊,3月2日,39,-0.3,-0.76%,13,上櫃,10,3.03,11.8,20,4.7,徐鉦鑑,李穎哲
電子零組件業,1595,川寶,3月2日,46.6,-0.8,-1.69%,68,上櫃,10,3.87,18,18,5.4,張鴻明,張鴻明
電機機械,1597,直得,3月2日,33.65,-0.55,-1.61%,369,上櫃,10,6.2,20.9,18.4,4.2,陳麗芬,許明哲
電機機械,1599,宏佳騰,3月2日,50.3,-0.1,-0.20%,72,上櫃,10,5.17,26,13.2,4.2,鍾杰霖,鍾杰霖
化學工業,1742,台蠟,3月2日,11.6,-0.7,-5.69%,705,上櫃,10,7.22,8.38,29.6,12.8,林哲印,林哲印
生技醫療業,1752,南光,3月2日,43.35,0.85,2%,538,上櫃,10,10.1,43.8,43.5,7.6,陳立賢,王玉杯
生技醫療業,1777,生泰,3月2日,101.5,1.5,1.50%,133,上櫃,10,3.01,30.5,34.3,11.4,蕭振明,王義烽
生技醫療業,1781,合世,3月2日,19.85,0,0%,89,上櫃,10,4.74,9.41,20.2,12.2,楊國和,楊國和
生技醫療業,1784,訊聯,3月2日,30.25,-0.1,-0.33%,45,上櫃,10,4.97,15,16.5,9.6,蔡政憲,劉天來
其他電子業,1785,光洋科,3月2日,14.35,-0.1,-0.69%,"1,914",上櫃,10,40.7,58.3,38.5,12.1,馬堅勇,黃啟峰
化學工業,1787,福盈科,3月2日,22.55,0,0%,113,上櫃,10,7.2,16.2,38.2,11.9,莊才晉,江志舜
生技醫療業,1788,杏昌,3月2日,99,0.4,0.41%,31,上櫃,10,3.5,34.6,28,7.6,李忠良,陳國師
生技醫療業,1795,美時,3月2日,63.1,-1.4,-2.17%,803,上櫃,10,23.8,150,50.7,7.1,林群,王憲政
生技醫療業,1799,易威,3月2日,22.35,0,0%,140,上櫃,10,7.94,17.7,18.6,8.3,李世仁,許景琦
生技醫療業,1813,寶利徠,3月2日,23.9,-0.25,-1.04%,77,上櫃,10,4.66,11.1,23.4,7.6,宋一新,李瑞賢
電子零組件業,1815,富喬,3月2日,17,-0.15,-0.87%,"7,774",上櫃,10,41.4,70.4,18.1,11.1,張元賓,張元賓
鋼鐵工業,2035,唐榮,3月2日,49.65,0.15,0.30%,7,上櫃,10,35,174,61.9,10.7,趙健在,梁進民
電器電纜,2061,風青,3月2日,9.55,-0.15,-1.55%,85,上櫃,10,6.21,5.93,22.5,6.2,陳福得,陳福得
鋼鐵工業,2063,世鎧,3月2日,28.6,0.15,0.53%,45,上櫃,10,4.5,12.9,24.8,6.5,杜泰源,林上安
鋼鐵工業,2064,晉椿,3月2日,17.5,0,0%,14,上櫃,10,7,12.2,45.8,2.2,陳陽輝,高進義
電機機械,2066,世德,3月2日,106,-1.5,-1.40%,20,上櫃,10,3.65,38.7,29.1,3.4,陳光裕,吳森富
電機機械,2067,嘉鋼,3月2日,13.85,-0.05,-0.36%,2,上櫃,10,3.69,5.11,42.9,2.8,曹光照,曹恆健
其他業,2221,大甲,3月2日,22.2,-0.4,-1.77%,203,上櫃,10,4.24,9.42,39.5,9.6,黃士峰,鍾志清
電機機械,2230,泰茂,3月2日,14.35,0,0%,13,上櫃,10,3.96,5.69,26.1,3.9,呂萬賢,呂萬傑
電機機械,2233,宇隆,3月2日,116.5,0,0%,784,上櫃,10,4.92,57.3,29.2,5.3,劉俊昌,陳國政
電機機械,2235,謚源,3月2日,122.5,0,0%,1,上櫃,10,3.19,39.1,29.9,2.2,吳碣石,吳碣石
建材營造業,2596,綠意,3月2日,21.5,0.05,0.23%,180,上櫃,10,8.27,17.8,15.8,7.8,許燈城,許燈城
其他業,2640,大車隊,3月2日,49.3,-0.2,-0.40%,32,上櫃,10,4.64,22.9,11.5,4.3,林村田,李瓊淑
航運業,2641,正德,3月2日,8.32,0.19,2.34%,"1,957",上櫃,10,15.3,12.7,18.4,2.4,蔡邦權,吳文仁
航運業,2643,捷迅,3月2日,50.5,0,0%,136,上櫃,10,2.62,13.2,33.1,1,顧城明,孫鋼銀
觀光事業,2718,晶悅,3月2日,26.35,0,0%,0,上櫃,10,2.26,5.95,39.9,5.9,楊顯玲,張志誠(暫代)
觀光事業,2719,燦星旅,3月2日,12.15,0.15,1.25%,30,上櫃,10,3.63,4.41,14,5,楊文芳,楊文芳(暫代)
觀光事業,2724,富驛-KY,3月2日,6.9,0.05,0.73%,15,上櫃,10,3.82,2.63,15.1,4.8,侯尊中,侯尊中
觀光事業,2726,雅茗-KY,3月2日,64.4,0.1,0.16%,38,上櫃,10,3.02,19.5,7.2,2.2,吳伯超,盧小慧
觀光事業,2729,瓦城,3月2日,246,1,0.41%,15,上櫃,10,2.33,57.2,16.5,4.5,徐承義,徐承義
觀光事業,2732,六角,3月2日,81.5,-0.5,-0.61%,83,上櫃,10,3.31,27,13,2.1,王耀輝,王耀輝
觀光事業,2734,易飛網,3月2日,16.9,0.15,0.90%,11,上櫃,10,3.03,5.11,17.2,3.2,周育蔚,李克敬
觀光事業,2736,高野,3月2日,22.7,0,0%,22,上櫃,10,4.9,11.1,8.6,1.2,劉清郎,楊書昌
觀光事業,2740,天蔥,3月2日,29.2,0,0%,0,上櫃,10,1.6,4.67,10,1.2,盧俊賢,蔡興樺
貿易百貨業,2916,滿心,3月2日,16.5,0,0%,29,上櫃,10,5.46,9.01,32.7,12,李俊良,詹新長
貿易百貨業,2924,東凌-KY,3月2日,54.2,0,0%,3,上櫃,10,3.4,18.4,8.1,5.3,林寶霞,許復進
貿易百貨業,2926,誠品生活,3月2日,152.5,-1,-0.65%,19,上櫃,10,4.74,72.3,11.4,4.1,吳清友,吳旻潔
觀光事業,2928,紅馬-KY,3月2日,66.1,-1.4,-2.07%,222,上櫃,10,4.73,31.3,5.7,1.1,周泰鳳,川崎貴聖
其他電子業,3064,泰偉,3月2日,21.6,-0.5,-2.26%,138,上櫃,10,7.21,15.6,16.6,12.7,楊南平,楊南平
光電業,3066,李洲,3月2日,6.15,-0.13,-2.07%,11,上櫃,10,8.31,5.11,42.8,12.2,李明順,李明順
其他電子業,3067,全域,3月2日,12.15,-0.1,-0.82%,7,上櫃,10,2.9,3.53,43.3,13.4,王敏烈,王敏烈
通信網路業,3068,美磊,3月2日,66.4,-1.3,-1.92%,493,上櫃,10,8.5,56.5,26.9,8.8,蔡茂禎,許正源
電腦及週邊設備業,3071,協禧,3月2日,12.2,0.3,2.52%,"1,075",上櫃,10,14.6,17.8,38.6,12.2,黃瑞益,林昭雄
半導體業,3073,普格,3月2日,10.8,-0.45,-4%,163,上櫃,10,4.65,5.02,25.4,9.4,謝欽宗,呂玟瑩
電子零組件業,3078,僑威,3月2日,31,-0.75,-2.36%,"6,455",上櫃,10,22.7,70.5,23.4,12.1,潘君威,楊琇華
通信網路業,3081,聯亞,3月2日,301,-1,-0.33%,816,上櫃,10,9.06,273,19.8,1.6,陳建任,林蔚
資訊服務業,3083,網龍,3月2日,37.3,-0.85,-2.23%,290,上櫃,10,8.57,32,16.9,13.3,王俊博,呂學森
資訊服務業,3085,久大,3月2日,20.3,-0.2,-0.98%,247,上櫃,10,9.12,18.5,22.5,13,皇庭投資有限公司-蘇耀閮,靜婷
文化創意業,3086,華義,3月2日,7.45,0.31,4.34%,31,上櫃,10,3.12,2.32,23.6,12.9,徐培菁,徐培菁
電腦及週邊設備業,3088,艾訊,3月2日,59.2,0.2,0.34%,817,上櫃,10,7.9,46.8,26.8,11.8,楊裕德,楊裕德
電子零組件業,3089,遠昇,3月2日,18.55,-0.45,-2.37%,57,上櫃,10,9.39,17.4,24.1,13.4,林俊國,待補
電子零組件業,3092,鴻碩,3月2日,50.8,3.2,6.72%,"5,989",上櫃,10,6.35,32.2,25.2,6.8,張利榮,魯憶萱
其他電子業,3093,港建,3月2日,33.5,0,0%,1,上櫃,10,3.63,12.2,39.7,11.7,何樹燦,廖豐瑩
通信網路業,3095,及成,3月2日,2.71,-0.08,-2.87%,18,上櫃,10,10.9,2.96,43.9,11.8,張正寬,張正寬(兼任)
半導體業,3105,穩懋,3月2日,123.5,2.5,2.07%,"6,256",上櫃,10,40.3,497,17.4,5.2,陳進財,王郁琦
電子零組件業,3114,好德,3月2日,11.7,-0.1,-0.85%,33,上櫃,10,5,5.85,38.4,12.9,陳國鴻,陳國鴻
電子零組件業,3115,寶島極,3月2日,13,-0.35,-2.62%,60,上櫃,10,4.37,5.68,24.6,11.9,劉文禎,劉文禎
生技醫療業,3118,進階,3月2日,31.2,-0.3,-0.95%,19,上櫃,10,3.25,10.1,27.2,8.8,邱春龍,邱春龍
半導體業,3122,笙泉,3月2日,15.45,-0.2,-1.28%,154,上櫃,10,3.93,6.07,17.7,2.1,溫國良,丘善文
光電業,3128,昇銳,3月2日,12.55,-0.1,-0.79%,73,上櫃,10,4.2,5.27,29.4,10.5,江添貴,江送貴
其他電子業,3131,弘塑,3月2日,171.5,0.5,0.29%,124,上櫃,10,2.47,42.3,23.8,6.1,張鴻泰,石本立
半導體業,3141,晶宏,3月2日,37.7,-0.3,-0.79%,639,上櫃,10,6.32,23.8,17.6,3,徐豫東,徐豫東
電子零組件業,3144,新揚科,3月2日,17.8,-0.2,-1.11%,772,上櫃,10,10.1,17.9,16.7,12.2,黃嘉能,吳介宏
通信網路業,3152,璟德,3月2日,306.5,-4.5,-1.45%,446,上櫃,10,6.9,212,18.9,8.9,雙德投資股份有限公司-代表人郭建文,郭建文
電機機械,3162,精確,3月2日,6.49,0.31,5.02%,268,上櫃,10,5.65,3.67,25.3,11.4,徐永誠,無
通信網路業,3163,波若威,3月2日,49.8,-0.1,-0.20%,633,上櫃,10,7.44,37.1,18.8,4.2,吳國精,黃裕文
半導體業,3169,亞信,3月2日,23.5,-0.05,-0.21%,54,上櫃,10,5.26,12.3,21.8,7.3,陳瑞榮,王春旗
貿易百貨業,3171,新洲,3月2日,17.95,-0.3,-1.64%,69,上櫃,10,5.92,10.6,26.2,12.5,江文容,江文容
生技醫療業,3176,基亞,3月2日,64.9,-3.7,-5.39%,"3,041",上櫃,10,13.9,90,17.2,5.3,張世忠,鄭毓仁
半導體業,3188,鑫龍騰,3月2日,18.2,-0.1,-0.55%,77,上櫃,10,10.6,19.3,16.3,13,黃學藤,黃學藤
電子零組件業,3191,和進,3月2日,14.1,1.25,9.73%,335,上櫃,10,5.47,7.71,25.2,11.9,陳進生,龔俊仁
電子零組件業,3202,樺晟,3月2日,12.65,-0.05,-0.39%,627,上櫃,10,9.67,12.2,32.9,11.6,林昆成,陳彥樺
生技醫療業,3205,佰研,3月2日,134,-2,-1.47%,749,上櫃,10,3.28,43.9,19,11.5,陳樂維,羅曉婷
電子零組件業,3206,志豐,3月2日,24.4,-0.3,-1.21%,234,上櫃,10,4.49,11,37.6,10.1,張演堂,張演堂
電子零組件業,3207,耀勝,3月2日,11.6,0.2,1.75%,171,上櫃,10,3.83,4.44,25.1,12.3,蕭奕彰,侯建州
電腦及週邊設備業,3211,順達,3月2日,39.45,-0.3,-0.75%,310,上櫃,10,15.2,60,18.6,12.3,鍾聰明,許諸靜
電腦及週邊設備業,3213,茂訊,3月2日,44.8,-0.5,-1.10%,94,上櫃,10,5.87,26.3,27,12.4,沈頤同,沈頤同
電子零組件業,3217,優群,3月2日,29.7,-0.95,-3.10%,"1,670",上櫃,10,8.21,24.4,29.6,12.8,王朝樑,劉興義
生技醫療業,3218,大學光,3月2日,23.7,0.35,1.50%,299,上櫃,10,6.61,15.7,22.6,12.3,歐淑芳,盧政宏
半導體業,3219,倚強,3月2日,21,0,0%,19,上櫃,10,2.33,4.89,24.5,13,呂健民,呂健民
通信網路業,3221,台嘉碩,3月2日,24.4,-0.35,-1.41%,219,上櫃,10,9.64,23.5,19.3,11,黃鈺同,陳瑞鴻
電子通路業,3224,三顧,3月2日,43.1,-2.4,-5.27%,"2,898",上櫃,10,4,17.2,18.5,12.7,胡立三,唐洪德
電機機械,3226,至寶電,3月2日,64.9,0,0%,49,上櫃,10,6.44,41.8,30.5,12.7,周青麟,周青麟
半導體業,3227,原相,3月2日,78.5,-0.7,-0.88%,"1,081",上櫃,10,13.3,104,18.6,10.8,黃森煌,黃森煌
半導體業,3228,金麗科,3月2日,16,0.3,1.91%,36,上櫃,10,6.28,10,19.5,12,易建男,葉常征
光電業,3230,錦明,3月2日,6.15,-0.01,-0.16%,75,上櫃,10,10.8,6.63,29.8,10.4,蔡進財,蔡進財
電子通路業,3232,昱捷,3月2日,19.3,0.15,0.78%,62,上櫃,10,3.16,6.09,29.2,12.3,蔡棟國,陳多明
通信網路業,3234,光環,3月2日,58.9,-1.1,-1.83%,"1,596",上櫃,10,7.26,42.8,19.5,5.9,劉勝先,劉漢興
電子零組件業,3236,千如,3月2日,28.7,0,0%,"3,172",上櫃,10,6.31,18.1,37.8,12.2,徐明恩,徐明恩
其他業,3252,海灣,3月2日,31,-1.3,-4.02%,417,上櫃,10,2.81,8.71,22.6,12.4,劉至誠,劉至誠
半導體業,3259,鑫創,3月2日,21,-1.4,-6.25%,398,上櫃,10,8.09,17,18.3,9.2,林俊宏,胡定中
半導體業,3260,威剛,3月2日,55.5,1.8,3.35%,"14,060",上櫃,10,23,128,15.8,12.4,陳立白,陳玲娟
半導體業,3264,欣銓,3月2日,26.25,-0.25,-0.94%,"2,892",上櫃,10,48.6,127,17.4,12.2,盧志遠,張季明
半導體業,3265,台星科,3月2日,28.25,0.2,0.71%,678,上櫃,10,13.6,38.5,16.9,11.6,翁志立,翁志立
半導體業,3268,海德威,3月2日,14.55,-0.5,-3.32%,184,上櫃,10,3.34,4.86,25.9,12.1,黃 (方方土) 芳,游賜傑
電腦及週邊設備業,3272,東碩,3月2日,49.4,-0.3,-0.60%,212,上櫃,10,5.23,25.8,24.1,2.5,曹賜正,曹賜正
電子零組件業,3276,宇環,3月2日,12.9,-0.15,-1.15%,152,上櫃,10,6.97,8.99,17.2,12.1,陳世(金欣),李明熹
其他業,3284,太普高,3月2日,22.2,-0.1,-0.45%,164,上櫃,10,5.5,12.2,18.4,11.9,王祈蓀,陳柏勳
其他電子業,3285,微端,3月2日,22.5,-0.1,-0.44%,219,上櫃,10,4.41,9.92,21.6,4.6,吳華盛,魯景岱
電腦及週邊設備業,3287,廣寰科,3月2日,7.08,-0.1,-1.39%,38,上櫃,10,4.4,3.11,17.8,9.1,王忠傑,王忠傑
電子零組件業,3288,點晶,3月2日,3.98,-0.01,-0.25%,1,上櫃,10,4.85,1.93,20.2,11.9,金際遠,金際遠
其他電子業,3289,宜特,3月2日,100,2,2.04%,723,上櫃,10,6.24,62.4,22.5,12.2,余維斌,余維斌
通信網路業,3290,東浦,3月2日,17.2,-0.3,-1.71%,684,上櫃,10,9.95,17.1,22,11.8,黃燈財,黃燈財
資訊服務業,3293,鈊象,3月2日,186,-8.5,-4.37%,"3,896",上櫃,10,6.97,130,27.3,10.6,李柯柱,江順成
電子零組件業,3294,英濟,3月2日,18.3,1.15,6.71%,"2,718",上櫃,10,13,23.8,25.4,9.9,徐文麟,徐文麟
光電業,3297,杭特,3月2日,17.2,0.15,0.88%,8,上櫃,10,3.66,6.29,28.3,11.7,鄭子釗,李新榮
通信網路業,3299,帛漢,3月2日,58,-0.5,-0.85%,685,上櫃,10,6.07,35.2,25.1,11.6,潘詠民,范仲成
化學工業,3303,岱稜,3月2日,21.55,0,0%,740,上櫃,10,9.74,21,26.5,9.8,蔡國龍,李顯昌
通信網路業,3306,鼎天,3月2日,26.05,-0.3,-1.14%,100,上櫃,10,5.06,13.2,19.2,11.7,蘇俊豪,陳俊彥
電子零組件業,3310,佳穎,3月2日,25.65,-0.35,-1.35%,586,上櫃,10,8.38,21.5,28.7,8.7,李志廣,朱理華
電子零組件業,3313,斐成,3月2日,35.25,0.2,0.57%,"1,007",上櫃,10,8.38,29.5,23.2,10.8,楊清宗,鍾明道
半導體業,3317,尼克森,3月2日,15.2,0,0%,153,上櫃,10,6.13,9.31,18.4,9.6,楊惠強,楊惠強
電子零組件業,3322,建舜電,3月2日,8.33,-0.07,-0.83%,97,上櫃,10,8.64,7.2,39.9,7.8,黃欽雄,黃欽基
電腦及週邊設備業,3323,加百裕,3月2日,18.5,0,0%,151,上櫃,10,8.68,16.1,19.3,9.7,黃世明,黃世明
其他電子業,3324,雙鴻,3月2日,99.2,0.1,0.10%,"1,507",上櫃,10,7.85,77.8,18.5,11.8,林育申,徐健洲
電腦及週邊設備業,3325,旭品,3月2日,23,-0.7,-2.95%,224,上櫃,10,7.71,17.7,20.9,11.5,蕭奕彰,蕭奕彰
電子零組件業,3332,幸康,3月2日,36.25,0.15,0.42%,6,上櫃,10,4.81,17.4,26,9.1,鄭震三,顏雲曉
光電業,3339,泰谷,3月2日,5.98,0.3,5.28%,17,上櫃,10,9.62,5.75,16.8,10.7,葉寅夫,葉寅夫
電子零組件業,3354,律勝,3月2日,9.52,0.29,3.14%,133,上櫃,10,7.01,6.67,20.2,11.2,李美蓉,莊朝欽
電子通路業,3360,尚立,3月2日,22,-0.6,-2.65%,"8,036",上櫃,10,7.55,16.6,31.9,10.7,簡剛民,簡剛民
光電業,3362,先進光,3月2日,31.15,-1,-3.11%,"7,058",上櫃,10,9.34,29.1,30.3,11.5,林忠和,高維亞
通信網路業,3363,上詮,3月2日,29.3,0,0%,246,上櫃,10,7.75,22.7,21.7,6,張立秋,龔純瑩
半導體業,3372,典範,3月2日,7.39,0.03,0.41%,325,上櫃,10,40.8,30.2,18.6,11.2,束崇萬,曾忠鶴
其他電子業,3373,熱映,3月2日,22,0.2,0.92%,203,上櫃,10,4.33,9.52,16.7,9.2,黃洲杰,黃幼謙
半導體業,3374,精材,3月2日,50,-3.6,-6.72%,"18,213",上櫃,10,27,135,18.5,1.9,關欣,關欣
電機機械,3379,彬台,3月2日,10.95,0,0%,58,上櫃,10,3.8,4.17,35.9,5.4,洪振攀,何信淳
電子零組件業,3388,崇越電,3月2日,63.2,-0.9,-1.40%,46,上櫃,10,6.41,40.5,23.1,11,潘振成,執行長張勝和
電子零組件業,3390,旭軟,3月2日,17.6,0.2,1.15%,214,上櫃,10,6.58,11.6,18.4,11,林於晃,許燕福
其他電子業,3402,漢科,3月2日,25.8,-0.45,-1.71%,894,上櫃,10,7.3,18.8,26.6,10.1,溫永宏,謝清泉
電機機械,3426,台興,3月2日,58.4,1,1.74%,170,上櫃,10,2.2,12.8,32.7,0.2,林萬興,羅凱南
光電業,3428,光燿科,3月2日,56.5,-1.1,-1.91%,"2,228",上櫃,10,9.62,54.4,16.7,4.8,郭台強,吳俊彥
通信網路業,3431,長天,3月2日,6.16,-0.2,-3.14%,95,上櫃,10,3.55,2.18,22.4,10.6,徐彰徽,彭金樹
光電業,3434,哲固,3月2日,12.9,0,0%,0,上櫃,10,2.27,2.93,23.8,9.1,簡豊連,簡豊輝
半導體業,3438,類比科,3月2日,19.55,-0.05,-0.26%,164,上櫃,10,6.74,13.2,17.9,10.6,劉紹宗,劉紹宗
光電業,3441,聯一光,3月2日,20.2,0.45,2.28%,"2,414",上櫃,10,4,8.09,32.9,6.4,陳忠政,蔡春霖
電子通路業,3444,利機,3月2日,19.4,0.3,1.57%,65,上櫃,10,3.91,7.59,23.8,8.4,張坤祥,張宏基
光電業,3452,益通,3月2日,10,0.16,1.63%,831,上櫃,10,77.9,77.9,15.2,11,徐信群,溫清章
光電業,3455,由田,3月2日,54.6,0.8,1.49%,"4,015",上櫃,10,6.12,33.4,24.8,9.2,鄒嘉駿,張文杰
電子零組件業,3465,祥業,3月2日,18,0.15,0.84%,3,上櫃,10,1.32,2.37,23.9,9.1,楊福義,張嘉穎
通信網路業,3466,致振,3月2日,19.5,0,0%,126,上櫃,10,6.09,11.9,34.9,10.8,吳振乾,吳振乾
電腦及週邊設備業,3479,安勤,3月2日,60.2,0.1,0.17%,727,上櫃,10,6.93,41.7,16.6,6.7,劉琍綺,張嘉哲
電腦及週邊設備業,3483,力致,3月2日,33.8,-0.9,-2.59%,"2,433",上櫃,10,4.9,16.5,19.3,10.2,饒振奇,饒振奇
電子零組件業,3484,崧騰,3月2日,40.2,-0.9,-2.19%,"1,077",上櫃,10,6.54,26.3,24.5,9.3,張俊雲,曾文政
建材營造業,3489,森寶,3月2日,12.25,1.1,9.87%,962,上櫃,10,8.31,10.2,25.7,9.4,簡元城,簡正德
光電業,3490,單井,3月2日,39.45,-0.25,-0.63%,394,上櫃,10,6.72,26.5,27.6,9.4,王祥亨,游孟哲
通信網路業,3491,昇達科,3月2日,73.6,1.6,2.22%,431,上櫃,10,5.16,38,17.5,9.2,陳淑敏,吳東義
電子零組件業,3492,長盛,3月2日,32.3,0.35,1.10%,167,上櫃,10,3.55,11.5,22.9,1.8,尚元良,葉文麒
其他電子業,3498,陽程,3月2日,59.9,-0.6,-0.99%,"1,662",上櫃,10,9.23,55.3,35.9,9.5,黃秋逢,李道遠
通信網路業,3499,環天科,3月2日,16.55,0.2,1.22%,"1,278",上櫃,10,5.5,9.1,16.8,10.4,陳賢哲,鄭賢隆
其他電子業,3508,位速,3月2日,18,0.9,5.26%,"3,529",上櫃,10,9.28,16.7,15.5,9.4,廖世文,廖世文
電子零組件業,3511,矽瑪,3月2日,19.4,0.05,0.26%,75,上櫃,10,3.9,7.56,13.2,8,游素冠,游素冠
電子零組件業,3512,能緹,3月2日,30.8,1.7,5.84%,194,上櫃,10,5.9,18.2,24.7,9.6,陳文宏,魏文珍
光電業,3516,亞帝歐,3月2日,9.96,-0.01,-0.10%,43,上櫃,10,6.91,6.88,25.3,9.3,廖書尉,廖書尉
電子零組件業,3520,振維,3月2日,135,2,1.50%,450,上櫃,10,6.4,86.4,31,9.4,王博諒,陳奮賢
電腦及週邊設備業,3521,鴻翊,3月2日,9.75,-0.09,-0.91%,47,上櫃,10,4.67,4.56,31,9.6,林泉湧,林泉湧
光電業,3522,宏森,3月2日,44.8,-0.15,-0.33%,241,上櫃,10,6.5,29.1,15.4,9.4,陳介甫,葉東明
光電業,3523,迎輝,3月2日,13.25,0,0%,48,上櫃,10,9.61,12.7,19.1,9.3,唐以鄰,呂英宗
電子零組件業,3526,凡甲,3月2日,69.1,0.1,0.14%,"1,306",上櫃,10,6.58,45.5,18.3,9.3,游萬益,張一偉
半導體業,3527,聚積,3月2日,72.1,0,0%,102,上櫃,10,3.32,23.9,17.7,9.3,楊立昌,陳企凱
半導體業,3529,力旺,3月2日,426,-3,-0.70%,310,上櫃,10,7.58,323,16.5,6.1,徐清祥,沈士傑
光電業,3531,先益,3月2日,20.35,0,0%,31,上櫃,10,6.12,12.4,37.4,8.9,鄧嘉文,王惠民
電子零組件業,3537,堡達,3月2日,21.7,-0.3,-1.36%,77,上櫃,10,4.87,10.6,29.6,7.1,黃德聰,李茂洋
電腦及週邊設備業,3540,曜越,3月2日,21.35,0.05,0.23%,305,上櫃,10,6.66,14.2,17.3,9.2,林培熙,林培熙
其他電子業,3541,西柏,3月2日,152.5,13.5,9.71%,"2,540",上櫃,10,4.48,68.4,26.1,7.2,楊全彬,蔡正義
資訊服務業,3546,宇峻,3月2日,79.3,0.3,0.38%,294,上櫃,10,3.42,27.1,21.8,8.9,劉信,劉信
電子零組件業,3548,兆利,3月2日,65.8,1,1.54%,717,上櫃,10,6.06,39.8,12.7,8.9,劉光華,張台沅
其他電子業,3551,世禾,3月2日,31.85,0,0%,38,上櫃,10,5.68,18.1,19.7,8.9,陳學聖,陳學哲
其他電子業,3552,同致,3月2日,308,-6,-1.91%,"1,245",上櫃,10,8.49,262,37.2,8.1,陳信忠,陳信忠
半導體業,3553,力積,3月2日,14.05,-0.05,-0.35%,57,上櫃,10,6.8,9.55,14.2,8.4,蔡國智,陳冠州
半導體業,3555,重鳥鵬,3月2日,69,0.6,0.88%,18,上櫃,10,3.56,24.5,13.4,5.3,陳立白,周康記
半導體業,3556,禾瑞亞,3月2日,51,0.3,0.59%,195,上櫃,10,5.72,29.2,14.5,8.9,蘇明陽,蘇明陽
通信網路業,3558,神準,3月2日,170,2,1.19%,349,上櫃,10,4.91,83.4,10.4,3.2,蔡文河,林伯彰
光電業,3562,頂晶科,3月2日,12.7,0.2,1.60%,14,上櫃,10,1.31,1.66,10.5,8.7,傅佩文,李宇軒
其他電子業,3563,牧德,3月2日,82.2,1.6,1.99%,"1,895",上櫃,10,4.26,35,18.7,6.2,汪光夏,陳復生
通信網路業,3564,其陽,3月2日,44,0.2,0.46%,32,上櫃,10,2.04,8.98,16.4,3.2,范希光,林章安
半導體業,3567,逸昌,3月2日,30,-1.2,-3.85%,"1,212",上櫃,10,3.56,10.7,16.5,6.3,郭嘯華,吳建忠
資訊服務業,3570,大塚,3月2日,48.8,-0.1,-0.20%,37,上櫃,10,1.71,8.34,19.6,8.4,鶴見裕信,郭一龍
電腦及週邊設備業,3577,泓格,3月2日,35.1,0.15,0.43%,34,上櫃,10,4.37,15.3,23.6,8.2,葉迺迪,陳瑞煜
其他電子業,3580,友威科,3月2日,30.3,-0.05,-0.16%,900,上櫃,10,6.25,18.9,14.3,6.6,李原吉,李原吉
半導體業,3581,博磊,3月2日,16.25,0.05,0.31%,55,上櫃,10,5.18,8.41,17.9,2.1,李篤誠,李篤誠
其他電子業,3587,閎康,3月2日,124,7,5.98%,"1,099",上櫃,10,5.33,66.1,14.8,7.5,吳東明,謝詠芬
電腦及週邊設備業,3594,磐儀,3月2日,23.05,0.55,2.44%,234,上櫃,10,5.78,13.3,23.4,3.8,李明,連啟瑞
電子零組件業,3609,東林,3月2日,16,0,0%,1,上櫃,10,3.03,4.85,14.9,6.1,洪大勝,高明仁(暫代)
電腦及週邊設備業,3611,鼎翰,3月2日,250,0.5,0.20%,37,上櫃,10,3.86,96.4,10,8.3,王秀亭,王興磊
光電業,3615,安可,3月2日,28.75,-0.45,-1.54%,"1,941",上櫃,10,7.06,20.3,9.4,7.9,葉垂景,姜明君
光電業,3623,富晶通,3月2日,51.9,-0.5,-0.95%,525,上櫃,10,3.63,18.8,16.3,6.8,翁明顯,余建華
電子零組件業,3624,光頡,3月2日,21.35,-0.15,-0.70%,84,上櫃,10,11.7,25.1,19.4,6,蔡高明,張遠生
電腦及週邊設備業,3625,西勝,3月2日,25.4,-0.4,-1.55%,991,上櫃,10,5.75,14.6,20.8,7.3,黃宗偉,黃宗偉
其他電子業,3628,盈正,3月2日,42.4,0,0%,9,上櫃,10,4.5,19.1,18.8,6.5,許文,許文
光電業,3629,群富通,3月2日,26.1,0,0%,12,上櫃,10,1.95,5.09,15.5,6.8,陳寬聰,廖敏政
光電業,3630,新鉅科,3月2日,33.7,3.05,9.95%,985,上櫃,10,10.1,34.2,17.5,6.9,鄭勝全,鄭勝全
電子零組件業,3631,晟楠,3月2日,24.25,-0.3,-1.22%,34,上櫃,10,7.99,19.4,32.9,6.2,林朝榮,林朝榮
通信網路業,3632,研勤,3月2日,17.9,-0.15,-0.83%,101,上櫃,10,3.08,5.51,15.5,6.1,簡良益,簡良益
其他電子業,3642,駿熠電,3月2日,25.1,0.2,0.80%,80,上櫃,10,3.04,7.62,27.5,5.4,梁興盛,蕭閔鍾
電子零組件業,3646,艾恩特,3月2日,26.3,-0.7,-2.59%,789,上櫃,10,3.86,10.2,18,4.9,陳明仁,陳明仁
電腦及週邊設備業,3652,精聯,3月2日,25,-0.4,-1.57%,67,上櫃,10,4.71,11.8,9.1,7.5,葉國筌,陳榮輝
其他電子業,3663,鑫科,3月2日,18.75,-0.05,-0.27%,41,上櫃,10,7.35,13.8,16.9,4.3,李至隆,董寰乾
通信網路業,3664,安瑞-KY,3月2日,16.05,-0.1,-0.62%,582,上櫃,10,7.48,12,8.2,6.7,沈以峰,趙耀
光電業,3666,光耀,3月2日,24.55,-1.75,-6.65%,808,上櫃,10,4.83,11.9,12.6,2.2,郭維斌,袁廣麟
通信網路業,3672,康聯訊,3月2日,31,-0.15,-0.48%,133,上櫃,10,3.12,9.66,18.4,1.9,陳友信,陳友信
半導體業,3675,德微,3月2日,45.5,0.3,0.66%,"2,219",上櫃,10,4.44,20.2,21.5,4.7,張恩傑,張恩傑
半導體業,3680,家登,3月2日,36.3,-1.25,-3.33%,"1,196",上櫃,10,6.6,23.9,19,5.5,邱銘乾,林添瑞
通信網路業,3684,榮昌,3月2日,34.05,0,0%,2,上櫃,10,2.46,8.38,21.7,2.9,陳家榮,洪健文
光電業,3685,元創精密,3月2日,51.7,-0.7,-1.34%,44,上櫃,10,8,41.4,33.4,6.2,江凱量,張明弘
資訊服務業,3687,歐買尬,3月2日,43.15,-0.2,-0.46%,10,上櫃,10,3.01,13,17.4,6.1,林一泓,楊上弘
電子零組件業,3689,湧德,3月2日,36.1,0.15,0.42%,383,上櫃,10,6.97,25.2,12,4.4,陳伯榕,陳旻徹
光電業,3691,碩禾,3月2日,350,0,0%,593,上櫃,10,6.1,213,13.6,6.3,陳繼明,黃文瑞
電腦及週邊設備業,3693,營邦,3月2日,73,5.4,7.99%,661,上櫃,10,3.85,28.1,20.8,3.3,梁順營,梁順營
半導體業,3707,漢磊,3月2日,10.9,-0.15,-1.36%,850,上櫃,10,16.9,18.4,2.4,2.4,徐建華,徐建華(執行長)
生技醫療業,4102,永日,3月2日,18.4,0,0%,41,上櫃,10,4.24,7.8,38.7,16,李其澧,林青煌
生技醫療業,4103,百略,3月2日,74.1,-0.4,-0.54%,44,上櫃,10,11,81.5,35.3,15.9,林金源,林金源
生技醫療業,4105,東洋,3月2日,112,-0.5,-0.44%,"3,153",上櫃,10,24.9,278,56.6,15.4,蕭英鈞,蕭英鈞暫代
生技醫療業,4107,邦特,3月2日,122.5,-3.5,-2.78%,600,上櫃,10,6.93,84.9,25.3,15,蔡宗禮,李明忠
生技醫療業,4109,穆拉德加捷,3月2日,20.75,0.05,0.24%,99,上櫃,10,7.88,16.3,21.8,14.6,鍾祥鳳,鍾祥鳳
生技醫療業,4111,濟生,3月2日,23.7,-0.2,-0.84%,79,上櫃,10,5.7,13.5,54.4,18,蘇東茂,蘇東茂
建材營造業,4113,聯上,3月2日,9.35,0.09,0.97%,561,上櫃,10,20.6,19.2,19.1,13.6,蘇永義,蘇永義
生技醫療業,4114,健喬,3月2日,33,0.35,1.07%,"2,700",上櫃,10,16.6,54.9,46.5,13.8,林智暉,林智暉
生技醫療業,4116,明基醫,3月2日,41.7,-0.3,-0.71%,81,上櫃,10,4.42,18.5,28,1.2,陳其宏,許棠隆
生技醫療業,4120,友華,3月2日,65.6,-0.7,-1.06%,681,上櫃,10,8.67,56.9,34.7,13.3,蔡正弘,蔡正弘
生技醫療業,4121,優盛,3月2日,12.6,0.4,3.28%,533,上櫃,10,7.33,9.24,28.3,13.6,劉志平,葉禾庠/劉志平
生技醫療業,4123,晟德,3月2日,63.5,0.1,0.16%,931,上櫃,10,29.1,185,57.3,13.4,林榮錦,許瑞寶
生技醫療業,4126,太醫,3月2日,83.4,0,0%,130,上櫃,10,6.6,55.1,39.6,13.1,鍾仁,鍾仁
生技醫療業,4127,天良,3月2日,17.1,-0.1,-0.58%,144,上櫃,10,4.58,7.82,45.9,11.6,紀元章,紀敏忠
生技醫療業,4128,中天,3月2日,23,0.05,0.22%,299,上櫃,10,42.5,97.8,16.8,10.7,黃山內,黃山內
生技醫療業,4129,聯合,3月2日,66.3,-0.5,-0.75%,554,上櫃,10,7.17,47.6,24,12.4,林延生,林延生
生技醫療業,4130,健亞,3月2日,40.75,-0.25,-0.61%,631,上櫃,10,10.1,41.1,23.9,5.1,陳正,陳正
生技醫療業,4131,晶宇,3月2日,9.02,-0.12,-1.31%,5,上櫃,10,3.83,3.45,18.4,12.9,陳慈甘,林春湖
生技醫療業,4138,曜亞,3月2日,54,-0.5,-0.92%,45,上櫃,10,3,16.2,13.4,6.2,傅輝東,傅若軒
生技醫療業,4139,馬光-KY,3月2日,39.35,1.85,4.93%,198,上櫃,10,3.81,15,7.6,5.8,黃傳勝,顏金枝
生技醫療業,4147,中裕,3月2日,179,-2.5,-1.38%,877,上櫃,10,24.9,446,9.5,1.3,陳志全,張念原
生技醫療業,4152,台微體,3月2日,119.5,0.5,0.42%,30,上櫃,10,5.57,66.6,19.3,4.2,洪基隆,葉志鴻
生技醫療業,4153,鈺緯,3月2日,38.05,0.2,0.53%,152,上櫃,10,4.94,18.8,21.9,3.8,陳國森,陳國森
生技醫療業,4154,康樂-KY,3月2日,21.8,-0.3,-1.36%,46,上櫃,10,1.95,4.26,6.6,5.2,陳言福,張嘉偉
生技醫療業,4157,太景*-KY,3月2日,26.85,0,0%,325,上櫃,,0.209,,11.5,3.5,許明珠,許明珠
生技醫療業,4160,創源,3月2日,27.4,0,0%,27,上櫃,10,2.42,6.64,8.3,4.5,張漢東,蔡政憲
生技醫療業,4161,聿新科,3月2日,58.2,0.3,0.52%,137,上櫃,10,5.16,30,17.8,3.7,楊金昌,楊金昌
生技醫療業,4162,智擎,3月2日,199.5,-1.5,-0.75%,519,上櫃,10,12.2,244,14.6,4.5,孫致中,葉常菁
生技醫療業,4163,鐿鈦,3月2日,150,-0.5,-0.33%,75,上櫃,10,4.02,60.4,12.4,4.3,蔡永芳,鍾兆塤
生技醫療業,4167,展旺,3月2日,25.95,0.05,0.19%,336,上櫃,10,24.6,63.9,13.1,1.5,漢友財務管理顧問股份有限公司代表人顧曼芹,顧曼芹
生技醫療業,4168,醣聯,3月2日,31.9,-0.2,-0.62%,113,上櫃,10,7.7,24.6,16.1,4.2,張東玄,張東玄
生技醫療業,4171,瑞基,3月2日,23.5,-1,-4.08%,58,上櫃,10,3.43,8.07,12.3,2.6,劉正忠,張曉芬
生技醫療業,4173,久裕,3月2日,19.3,0.1,0.52%,79,上櫃,10,4.46,8.6,36.7,3.3,傅輝東,李曙晞(代理)
生技醫療業,4174,浩鼎,3月2日,339,-2,-0.59%,992,上櫃,10,17.2,582,14.8,1.9,張念慈,黃秀美
生技醫療業,4175,杏一,3月2日,79.4,1,1.28%,6,上櫃,10,2.52,20,24.8,2.9,陳麗如,蔡德忠
生技醫療業,4180,安成藥,3月2日,98.5,-0.2,-0.20%,103,上櫃,10,12.7,125,19.3,3.2,陳志明,陳志明(暫代理)
其他業,4188,安克,3月2日,29.1,-0.1,-0.34%,46,上櫃,10,5.27,15.3,8.2,1.9,李成家,陳正剛
生技醫療業,4192,杏國,3月2日,28.3,-0.35,-1.22%,52,上櫃,10,6.99,19.8,8.7,2.3,李志文,蘇慕寰
生技醫療業,4198,環瑞醫,3月2日,26,-0.15,-0.57%,214,上櫃,10,14.2,36.9,4.1,2.2,李祖德,韋志聖
食品工業,4205,中華食,3月2日,49.3,-0.2,-0.40%,45,上櫃,10,7.27,35.8,36.8,18.1,陳民權,陳民生
食品工業,4207,環泰,3月2日,11.65,-0.1,-0.85%,158,上櫃,10,17.4,20.2,32.6,17.1,康國鋒,康智量
塑膠工業,4303,信立,3月2日,19.8,-0.05,-0.25%,36,上櫃,10,7.28,14.4,43.7,18,林敬隆,林敬隆
塑膠工業,4304,勝昱,3月2日,8.45,0.05,0.60%,1,上櫃,10,5.13,4.34,34.2,17.1,林博文,林國瑞
塑膠工業,4305,世坤,3月2日,33,3,10%,36,上櫃,10,5.5,18.2,30.4,16.4,林璋賦,陳俊成
紡織纖維,4401,東隆興,3月2日,77.2,-0.7,-0.90%,109,上櫃,10,12,92.9,55.6,20.8,游秀雄,游志成
紡織纖維,4402,福大,3月2日,4.84,0.12,2.54%,19,上櫃,10,4.6,2.23,46.9,19.6,楊燈霖,楊浩維
紡織纖維,4406,新昕纖,3月2日,9.51,-0.23,-2.36%,12,上櫃,10,5.19,4.94,36.8,18.1,莊育霖,莊晉嘉
紡織纖維,4413,飛寶企業,3月2日,8.88,0,0%,0,上櫃,10,1.93,1.72,29.3,17.6,林資益,黃鈺翔
其他電子業,4415,台原藥,3月2日,6.5,-0.15,-2.26%,7,上櫃,10,8.36,5.44,32.7,17.2,蘇慶華,張權
建材營造業,4416,三圓,3月2日,101.5,1.8,1.81%,274,上櫃,10,6,60.9,37.2,16.8,王光祥,李焰彰
紡織纖維,4417,金洲,3月2日,42.6,0.05,0.12%,307,上櫃,10,8.23,35.1,43.2,16.3,陳加仁,張燈河
紡織纖維,4419,松懋,3月2日,4,0,0%,7,上櫃,10,2.96,1.18,25.5,15.7,啟基投資股份有限公司,蘇怡仁
紡織纖維,4420,光明,3月2日,26.75,-0.45,-1.65%,17,上櫃,10,4.05,10.8,50.7,14.9,詹正田,李業振
紡織纖維,4429,聚紡,3月2日,23.15,0.1,0.43%,6,上櫃,10,3.44,7.95,18.1,6.5,蔡秋雄,田鳳英
其他業,4430,耀億,3月2日,24.95,-0.05,-0.20%,37,上櫃,10,5.63,14,43.3,5.7,王昭仁,王贊景
紡織纖維,4432,銘旺實,3月2日,46.75,0,0%,58,上櫃,10,5.06,23.7,31,4.3,陳盈璇,呂清裕
紡織纖維,4433,興采,3月2日,26.55,-0.45,-1.67%,62,上櫃,10,3.16,8.38,28,2.3,陳國欽,黃松筠
電機機械,4502,健信,3月2日,39.8,1.3,3.38%,11,上櫃,10,4.24,16.9,38.7,21.2,吳政哲,吳政哲
電機機械,4503,金雨,3月2日,23.95,0,0%,56,上櫃,10,3.08,7.37,36.7,20.2,卓燦然,卓燦然
電機機械,4506,崇友,3月2日,36.55,-0.45,-1.22%,90,上櫃,10,19.7,71.9,42.8,19.2,唐伯龍,游本立
電機機械,4510,高鋒,3月2日,19.1,0.45,2.41%,"1,414",上櫃,10,10.8,20.6,38.1,19,沈國榮,沈國榮
電機機械,4513,福裕,3月2日,9.38,-0.06,-0.64%,72,上櫃,10,7.69,7.21,38.9,18.9,張寶銘,張寶銘
電機機械,4523,永彰,3月2日,18.75,0.05,0.27%,38,上櫃,10,6.4,12,29.8,17.3,鄭萬來,陳冠憲
電機機械,4527,方土霖,3月2日,29.45,0.05,0.17%,80,上櫃,10,7.62,22.4,28.9,16.4,曾仲國,曾仲國
電機機械,4528,江興鍛,3月2日,47.55,0.3,0.63%,341,上櫃,10,7.65,36.4,36.5,16.1,江木山,江木山
其他業,4529,昶洧,3月2日,37.35,-0.2,-0.53%,442,上櫃,10,8.06,30.1,29.3,15.8,沈瑋,沈瑋
電機機械,4530,宏易,3月2日,11.1,-1.2,-9.76%,506,上櫃,10,4.62,5.13,32.5,15.8,陳冠瑋,陳冠瑋
電機機械,4533,協易機,3月2日,15.55,0.1,0.65%,898,上櫃,10,16,24.9,35,14.9,郭雅慧,郭挺鈞
電機機械,4534,慶騰,3月2日,27.65,0,0%,300,上櫃,10,8.14,22.5,24,13.9,王光彬,王興威
電機機械,4535,至興,3月2日,46.3,0.05,0.11%,47,上櫃,10,7.57,35,29,13.9,吳崇儀,吳宗明
其他業,4541,晟田,3月2日,26.5,-0.25,-0.93%,144,上櫃,10,5.41,14.3,25.5,2.6,謝永昌,黃寶文
電子零組件業,4542,科嶠,3月2日,25,-0.9,-3.47%,66,上櫃,10,2.83,7.07,16.7,2.5,鄧全凱,吳明致
電機機械,4543,萬在,3月2日,22.3,-0.1,-0.45%,17,上櫃,10,5.67,12.6,32.8,1,萬正乾,萬正乾
電機機械,4549,桓達,3月2日,80.9,-0.6,-0.74%,76,上櫃,10,3.85,31.1,14.1,2.3,吳清德,吳定國
電機機械,4550,長佳,3月2日,22.85,0.05,0.22%,35,上櫃,10,3.32,7.58,23.8,2,王人達,黃添春
其他電子業,4554,橙的,3月2日,50.8,0.4,0.79%,49,上櫃,10,2.12,10.8,12.1,0.6,許欽堯,許欽堯
其他業,4556,旭然,3月2日,33.5,-0.8,-2.33%,47,上櫃,10,3.52,11.8,31.3,1.2,吳玲美,何兆全
電器電纜,4609,唐鋒,3月2日,9.69,-0.06,-0.62%,26,上櫃,10,4.79,4.65,40.6,16.8,許文治,周文洪
化學工業,4702,中美實,3月2日,8.33,-0.06,-0.72%,110,上櫃,10,22.5,18.7,53.1,21.9,高大守,高大守
化學工業,4706,大恭,3月2日,22.8,0.05,0.22%,28,上櫃,10,7.9,18,50.9,18.9,鄧加惠,黃明發
化學工業,4707,磐亞,3月2日,10.05,0,0%,325,上櫃,10,22.6,22.7,34.9,18.8,王貴鋒,王貴鋒代理
化學工業,4711,永純,3月2日,21.9,-0.1,-0.45%,108,上櫃,10,6.11,13.4,51.6,18,蔡慶芳,蔡慶芳
食品工業,4712,南璋,3月2日,16.6,-1,-5.68%,665,上櫃,10,6.05,10,43,17.9,吳國榮,吳國榮
化學工業,4714,永捷,3月2日,14.8,-0.2,-1.33%,"2,718",上櫃,10,7.73,11.4,25.5,16.9,張祐銘,劉智光
化學工業,4716,大立,3月2日,19.35,1.75,9.94%,"10,751",上櫃,10,7.44,14.4,46.6,16.9,邱志向,蕭國華
化學工業,4721,美琪瑪,3月2日,36.1,-0.7,-1.90%,994,上櫃,10,7.5,27.1,24.7,16,嚴隆財,嚴隆財
生技醫療業,4726,永昕,3月2日,37.9,-0.15,-0.39%,101,上櫃,10,11.2,42.4,15.4,3.2,陳德禮,溫國蘭
生技醫療業,4728,雙美,3月2日,39.5,-0.2,-0.50%,163,上櫃,10,5.45,21.5,16.1,5.1,蔡國洲,林泉源
光電業,4729,熒茂,3月2日,18.05,0,0%,338,上櫃,10,10.4,18.8,11.8,8,方敏宗,方敏宗
生技醫療業,4735,豪展,3月2日,36.65,-0.85,-2.27%,300,上櫃,10,3.41,12.5,20.8,5.5,莊明輝,紀強
生技醫療業,4736,泰博,3月2日,111.5,1,0.90%,331,上櫃,10,7.46,83.2,18.8,6.3,陳朝旺,陳朝旺
化學工業,4739,康普,3月2日,52.9,-0.4,-0.75%,"2,536",上櫃,10,7.57,40.1,24.7,5.3,何基丞,何基丞
生技醫療業,4743,合一,3月2日,32.45,-0.1,-0.31%,341,上櫃,10,19.5,63.3,8.7,5.4,黃山內,黃山內
生技醫療業,4745,合富-KY,3月2日,48,-0.3,-0.62%,57,上櫃,10,5.77,27.7,11.3,4.1,王瓊芝,李惇
生技醫療業,4747,強生,3月2日,37.9,0.2,0.53%,20,上櫃,10,3,11.4,50.2,3.2,黃柏熊,黃柏熊
化學工業,4754,國碳科,3月2日,51.7,0.2,0.39%,17,上櫃,10,1.56,8.08,18.8,0.4,張超,黃俊傑
化學工業,4762,三汰-KY,3月2日,53.6,-0.3,-0.56%,70,上櫃,10,1.87,10,3.1,1.2,劉芳榮,劉芳榮
文化創意業,4803,VHQ-KY,3月2日,162.5,-1,-0.61%,79,上櫃,10,3.23,52.5,3.3,1.2,劉國華,劉國華
觀光事業,4804,大略-KY,3月2日,81.9,-2.8,-3.31%,729,上櫃,10,3.6,29.5,5.6,1.2,梁競偉,梁競偉
文化創意業,4806,昇華,3月2日,61.7,0.3,0.49%,58,上櫃,10,2.55,15.7,16.8,1,俞惟中,謝侑利
通信網路業,4903,聯光通,3月2日,57.5,-0.6,-1.03%,"1,701",上櫃,10,9.01,51.8,32.7,15.8,徐肇佑,徐肇佑
通信網路業,4905,台聯電,3月2日,47.5,-0.15,-0.31%,36,上櫃,10,4.94,23.5,26.6,15.2,睿進科技顧問股份有限公司代表人梁基岩,梁基岩
建材營造業,4907,富宇,3月2日,14.7,0.3,2.08%,86,上櫃,10,11.8,17.4,28.5,15,張清全,鍾堯明
通信網路業,4908,前鼎,3月2日,18.6,0.05,0.27%,187,上櫃,10,7.77,14.4,18.6,15,葉政彥,葉政彥
通信網路業,4909,新復興,3月2日,22.7,0.2,0.89%,201,上櫃,10,9.34,21.2,32.3,14.3,張永輝,張永輝
生技醫療業,4911,德英,3月2日,77.9,0.4,0.52%,15,上櫃,10,5.57,43.4,14.6,6,郭國華,郭國華
電腦及週邊設備業,4924,欣厚-KY,3月2日,8.76,-0.03,-0.34%,85,上櫃,10,3.72,3.26,7.4,5.4,劉鳳君,劉景成
光電業,4933,友輝,3月2日,30.3,-0.3,-0.98%,754,上櫃,10,7.73,23.4,13.2,6.8,吳東昇,吳昕杰
電子零組件業,4939,亞電,3月2日,13.5,1.2,9.76%,549,上櫃,10,9.82,13.3,13.7,5.5,李建輝,李建輝
光電業,4944,兆遠,3月2日,9.86,-0.05,-0.50%,631,上櫃,10,21.2,20.9,16.3,5.8,姚宕梁,吳政穆
資訊服務業,4946,辣椒,3月2日,29.6,0.3,1.02%,74,上櫃,10,2.73,8.09,10.4,5.7,鄧潤澤,李亦華
半導體業,4947,昂寶-KY,3月2日,220.5,0,0%,343,上櫃,10,5.39,119,8.2,5.4,李朝福,陳志樑
其他業,4950,牧東,3月2日,19.05,-0.05,-0.26%,58,上櫃,10,4.79,9.12,8.4,4.8,余人勇,張國威
資訊服務業,4953,緯軟,3月2日,22.2,0.1,0.45%,51,上櫃,10,4.39,9.74,24.8,3.1,林憲銘,蕭清志
資訊服務業,4965,商店街,3月2日,70.6,-0.6,-0.84%,40,上櫃,10,2.16,15.3,6.8,5.9,詹宏志,蘇芸
半導體業,4966,譜瑞-KY,3月2日,322,1.5,0.47%,216,上櫃,10,7.73,249,11.3,5.5,趙捷,曲明
半導體業,4971,IET-KY,3月2日,91.5,-3.5,-3.68%,521,上櫃,10,3.61,33.1,5.9,3.6,康潤生,高永中
光電業,4972,湯石照明,3月2日,34.85,0.15,0.43%,234,上櫃,10,3.91,13.6,24.5,3.7,湯士權,湯士權
半導體業,4973,廣穎,3月2日,20.25,-0.1,-0.49%,197,上櫃,10,6.49,13.1,14,4.7,陳慧民,袁培榮
電子零組件業,4974,亞泰,3月2日,43.45,0.35,0.81%,670,上櫃,10,6.2,26.9,13.1,5.3,賴以仁,賴以仁/吳淑品
通信網路業,4979,華星光,3月2日,36.2,-0.4,-1.09%,"1,337",上櫃,10,7.39,26.7,15.3,5.2,龔行憲,倪慎如
電腦及週邊設備業,4987,科誠,3月2日,50.8,0.2,0.40%,61,上櫃,10,2.52,12.8,24.2,4.9,戴奉義,戴奉義
半導體業,4991,環宇-KY,3月2日,51.8,-0.4,-0.77%,927,上櫃,10,7.44,38.5,6.3,2.5,黃大倫,安寶信( 總執行長暨總裁)
光電業,4995,晶達,3月2日,33.75,0,0%,31,上櫃,10,3.41,11.5,16.5,4.8,李英珍,金仲仁
鋼鐵工業,5009,榮剛,3月2日,24.05,0.2,0.84%,"5,330",上櫃,10,46.7,112,24,18.4,陳興時,張世豐
鋼鐵工業,5011,久陽,3月2日,16.75,-0.05,-0.30%,2,上櫃,10,4.11,6.89,32.3,17.8,孫正強,邱茂勳
鋼鐵工業,5013,強新,3月2日,30.45,0.1,0.33%,112,上櫃,10,11.1,33.9,23.3,16.8,吳玉堂,陳正(方方土)
鋼鐵工業,5014,建錩,3月2日,17.8,0.25,1.42%,"2,711",上櫃,10,16.5,29.4,33.6,16,李慶柏,李慶柏
鋼鐵工業,5015,華祺,3月2日,25,-0.2,-0.79%,61,上櫃,10,6.06,15.2,32.8,16.2,葉明彥,張順立
鋼鐵工業,5016,松和,3月2日,34.8,-0.5,-1.42%,127,上櫃,10,4.96,17.3,44.5,16,林敏舜,林廷芳
橡膠工業,5102,富強,3月2日,14.45,0.05,0.35%,20,上櫃,10,6.41,9.26,51.3,16.3,蔡文順,蔡文順
資訊服務業,5201,凱衛,3月2日,23.65,2.15,10%,"6,998",上櫃,10,3.07,7.25,31.8,16.4,曾正哲,曾正哲
資訊服務業,5202,力新,3月2日,33.4,0.4,1.21%,224,上櫃,10,5.91,19.7,29.4,16.4,林榮生,黃銘達
資訊服務業,5205,漢康,3月2日,20.4,1.1,5.70%,1,上櫃,10,1.7,3.47,27.2,15.8,高承本,詹益國
建材營造業,5206,坤悅,3月2日,9.2,-0.03,-0.33%,47,上櫃,10,14.8,13.7,41.4,15.4,陳世坤,祁興國
資訊服務業,5209,新鼎,3月2日,41.5,0.3,0.73%,18,上櫃,10,2.35,9.75,29.6,15,易惠南,劉英芳
資訊服務業,5210,寶碩,3月2日,7.01,-0.01,-0.14%,140,上櫃,10,6.57,4.61,28.3,14.9,白介宇,劉國安
資訊服務業,5211,蒙恬,3月2日,21.5,-0.65,-2.93%,89,上櫃,10,3.2,6.89,25.4,14.2,蔡義泰,蔡義泰
資訊服務業,5212,凌網,3月2日,21.3,-0.75,-3.40%,179,上櫃,10,3.46,7.38,18.7,13.9,賴洋助,賴洋助
建材營造業,5213,亞昕,3月2日,14,0.05,0.36%,104,上櫃,10,38,53.2,22.1,13.9,姚連地,姚連地
電子零組件業,5227,立凱-KY,3月2日,29.8,0.15,0.51%,414,上櫃,10,21.1,62.8,9.3,3.2,張聖時,張聖時
光電業,5230,雷笛克光學,3月2日,42.7,-0.2,-0.47%,104,上櫃,10,4.95,21.1,8.9,4.7,唐德龍,唐德龍
光電業,5245,智晶,3月2日,115,1,0.88%,60,上櫃,10,4.43,51,11.3,1.8,王鴻鈞,陳建勳
光電業,5251,天鉞電,3月2日,27.6,-0.5,-1.78%,134,上櫃,10,3.06,8.43,24.8,4.3,汪攘夷,汪攘夷
電子零組件業,5255,美桀,3月2日,34.1,-0.3,-0.87%,319,上櫃,10,3.81,13,21.1,2.6,羅鵬程,羅文豪
文化創意業,5263,智崴,3月2日,212,-1.5,-0.70%,62,上櫃,10,4.47,94.7,15.3,4.2,黃仲銘,歐陽志宏
半導體業,5272,笙科,3月2日,40.8,-0.9,-2.16%,414,上櫃,10,5.8,23.7,11.4,3.8,曾三田,曾三田
半導體業,5274,信驊,3月2日,488,11,2.31%,201,上櫃,10,3.38,165,12.3,3.8,林鴻明,林鴻明
其他業,5276,達輝-KY,3月2日,29.05,-0.65,-2.19%,104,上櫃,10,3.95,11.5,5.3,2.7,徐鴻鈞,徐鉦鑑
資訊服務業,5278,尚凡,3月2日,29.7,0.1,0.34%,10,上櫃,10,1.42,4.21,14.4,3.7,張家銘,林志銘
光電業,5281,大峽谷-KY,3月2日,24.5,-0.3,-1.21%,104,上櫃,10,3.7,9.07,4.8,0.9,張家瑞,張家瑞
其他業,5284,jpp-KY,3月2日,62.8,-0.7,-1.10%,73,上櫃,10,3.85,24.2,4.8,2.4,王文山,鍾國松
資訊服務業,5287,數字,3月2日,196,1,0.51%,32,上櫃,10,4.26,83.5,10.1,3.1,廖世芳,吳聰賢
電腦及週邊設備業,5289,宜鼎,3月2日,89.7,-1.2,-1.32%,397,上櫃,10,6.59,59.1,12,3.3,簡川勝,簡川勝
電子零組件業,5291,邑昇,3月2日,14.5,0,0%,56,上櫃,10,3.35,4.85,22.9,2.2,簡榮坤,李上治
觀光事業,5301,寶得利,3月2日,25.5,-0.45,-1.73%,19,上櫃,10,11.8,30.1,38.4,26.7,張雅琍,張雅琍
半導體業,5302,太欣,3月2日,6.44,-0.15,-2.28%,402,上櫃,10,16.2,10.5,33.7,26.1,王國肇,王國肇
電腦及週邊設備業,5304,鼎創達,3月2日,2.63,0.08,3.14%,15,上櫃,10,18.6,4.89,38.1,25.6,郭佩芝,莫皓然
其他業,5306,桂盟,3月2日,133,0,0%,301,上櫃,10,12,160,27.9,21.2,吳盈進,吳瑞章
電子零組件業,5309,系統電,3月2日,10.65,0,0%,990,上櫃,10,21.4,22.8,39.4,21,李益仁,駱捷中
資訊服務業,5310,天剛,3月2日,31.6,0.6,1.94%,243,上櫃,10,4.96,15.7,27.2,20.9,沈明聰,沈明聰
其他業,5312,寶島科,3月2日,77.3,0.2,0.26%,98,上櫃,10,6.01,46.4,27.3,20.8,蔡國洲,林俊雄
半導體業,5314,世紀,3月2日,5.16,0,0%,91,上櫃,10,6,3.1,25.6,20.5,湯宇方,楊存孝
光電業,5315,光聯,3月2日,28.6,0.15,0.53%,"5,819",上櫃,10,10.6,30.4,26.7,20.3,韓之華,葉秋芳
電子零組件業,5317,凱美,3月2日,15.7,-0.1,-0.63%,30,上櫃,10,13.5,21.1,43.3,20.2,鄭傑仁,翁啟勝
電子零組件業,5321,友銓,3月2日,28.6,0,0%,0,上櫃,10,2.88,8.24,33.7,20.2,呂永美,宋家庭
建材營造業,5324,士開,3月2日,11.95,0,0%,90,上櫃,10,10.6,12.7,33.1,20.1,李昌霖,於貽勳
電子零組件業,5328,華容,3月2日,8.25,0.04,0.49%,548,上櫃,10,17.8,14.7,33.9,19.5,瑞軒科技股份有限公司-代表人吳春發,郭玄彬
電子零組件業,5340,建榮,3月2日,9.29,0.13,1.42%,"3,587",上櫃,10,19.5,18.1,24.6,19.1,柯長崎,柯長崎
半導體業,5344,立衛,3月2日,7.2,0,0%,31,上櫃,10,7.94,5.72,28.9,18.9,沈炳輝,許文景
電子零組件業,5345,天揚,3月2日,8.36,0.13,1.58%,17,上櫃,10,5,4.18,26.4,18.9,王鏑程,王鏑程
半導體業,5347,世界,3月2日,61,-0.5,-0.81%,"1,853",上櫃,10,164,"1,000",22.2,18.9,方略,方略
通信網路業,5348,系通,3月2日,5.25,0,0%,0,上櫃,10,2.6,1.36,26.2,18.8,胡湘麒,胡湘麒
電子零組件業,5349,先豐,3月2日,31.65,0.1,0.32%,471,上櫃,10,22.4,70.9,29.7,18.7,鄭文鋒,鄭文鋒
半導體業,5351,鈺創,3月2日,12.5,0,0%,900,上櫃,10,43.7,54.6,26.1,18.8,盧超群,鄧茂松
通信網路業,5353,台林,3月2日,10.9,0,0%,223,上櫃,10,8.18,8.92,36.9,18.8,陳哲宏,陳俊廷
電子零組件業,5355,佳總,3月2日,7.86,-0.11,-1.38%,630,上櫃,10,16.6,13.1,28.5,18.7,曾繼立,曾繼立
電腦及週邊設備業,5356,協益,3月2日,46.05,-0.1,-0.22%,388,上櫃,10,12.9,59.3,48.1,18.6,王自軍,楊宗憲
觀光事業,5364,力麗店,3月2日,24,0.5,2.13%,18,上櫃,10,1.41,3.38,27.1,3.5,蔡宗易,林喬濱
光電業,5371,中光電,3月2日,43.6,-0.4,-0.91%,"2,824",上櫃,10,43.4,189,24.7,18.1,張威儀,林惠姿 陳士元
電子零組件業,5381,合正,3月2日,2.15,0.05,2.38%,332,上櫃,10,18.7,4.02,25.5,18,葉雲照,葉雲照
其他電子業,5383,金利,3月2日,9.23,0.15,1.65%,26,上櫃,10,7.14,6.59,47.9,17.9,盧國棟,潘佳祥
電腦及週邊設備業,5384,捷元,3月2日,12.3,-0.4,-3.15%,91,上櫃,10,7.96,9.79,28.3,17.9,黃偉祥,葉啟棟
電腦及週邊設備業,5386,青雲,3月2日,28.3,1.35,5.01%,503,上櫃,10,1.35,3.83,32.7,17.8,柯聰源,呂仰鎧
光電業,5392,應華,3月2日,48.7,-0.35,-0.71%,182,上櫃,10,10.3,50.1,22.2,17.7,董俊仁,李敏誠
電子零組件業,5398,力瑋,3月2日,38,-1.1,-2.81%,290,上櫃,10,5,19,38.7,17.4,曾天賜,黃旭仁(執行長)
資訊服務業,5403,中菲,3月2日,32.5,0.15,0.46%,153,上櫃,10,6.26,20.4,35.3,17.4,莊斯威,張樹義
資訊服務業,5410,國眾,3月2日,13.6,-0.1,-0.73%,134,上櫃,10,8.59,11.7,31.5,17.3,王超群,王超群
半導體業,5425,台半,3月2日,38.15,-0.4,-1.04%,"1,274",上櫃,10,24.1,91.8,38.1,17,王秀亭,王秀亭
電腦及週邊設備業,5426,振發,3月2日,12.75,0,0%,82,上櫃,10,14.4,18.3,44.6,17.1,蔡陳美麗,蔡宗勳
光電業,5432,達威,3月2日,21.85,0,0%,2,上櫃,10,2.07,4.52,26.8,16.9,陳政隆,陳政隆
電腦及週邊設備業,5438,東友,3月2日,14,-0.1,-0.71%,211,上櫃,10,11.3,15.8,19.5,16.7,黃育仁,黃育仁
電子零組件業,5439,高技,3月2日,32.45,0,0%,600,上櫃,10,7.8,25.3,29.1,16.7,張景山,張景山
光電業,5443,均豪,3月2日,24.75,-0.35,-1.39%,"2,601",上櫃,10,16.5,40.9,38.2,19.1,葉勝發,陳政興
電腦及週邊設備業,5450,寶聯通,3月2日,8.9,0.04,0.45%,43,上櫃,10,5.04,4.48,27.6,16.5,蕭登波,蕭登波
其他電子業,5452,佶優,3月2日,10,-0.1,-0.99%,408,上櫃,10,14.9,14.9,25.5,16.4,馬康華,林日旺
半導體業,5455,訊利電,3月2日,10,-0.2,-1.96%,11,上櫃,10,3.55,3.55,25.7,16.4,利來德投資股份有限公司代表人周樑鐘,周樑鐘
電子零組件業,5457,宣德,3月2日,28.35,0.05,0.18%,500,上櫃,10,16.8,47.6,26.4,16.4,蔡建偉,蔡建偉
電子零組件業,5460,同協,3月2日,12.6,0.1,0.80%,338,上櫃,10,7.2,9.08,44.2,16.4,劉定泮,劉定泮
電子零組件業,5464,霖宏,3月2日,15.35,-0.05,-0.32%,39,上櫃,10,7.11,10.9,21.7,16.3,張枋霖,張枋霖
電腦及週邊設備業,5465,富驊,3月2日,16.9,-0.2,-1.17%,138,上櫃,10,14.4,24.4,32.6,16.3,柯吉源,王駿東
半導體業,5468,凱鈺,3月2日,6.66,-0.04,-0.60%,3,上櫃,10,6.98,4.65,22.6,16.1,彭孟瑤,吳炳松
電腦及週邊設備業,5474,聰泰,3月2日,66.8,-0.2,-0.30%,121,上櫃,10,3.37,22.5,26.4,16,陳立民,趙希政
電子零組件業,5475,德宏,3月2日,6,-0.11,-1.80%,"1,833",上櫃,10,14.8,8.87,20,16.1,劉暉麟,邵宜平
資訊服務業,5478,智冠,3月2日,63.4,0.1,0.16%,182,上櫃,10,12.7,80.8,33.6,15.9,王俊博,王俊博
電子零組件業,5480,統盟,3月2日,14.3,0,0%,"2,012",上櫃,10,19.9,28.5,29.7,15.9,徐正民,徐正民
電子零組件業,5481,華韡,3月2日,17.3,0.05,0.29%,31,上櫃,10,9.47,16.4,26.7,15.8,郭人武,郭人武
半導體業,5483,中美晶,3月2日,46.05,0.3,0.66%,"14,342",上櫃,10,58,267,36.1,16,盧明光,徐秀蘭
半導體業,5487,通泰,3月2日,25.05,0.15,0.60%,65,上櫃,10,2.21,5.54,30.4,16,陳永修,陳永修
電子零組件業,5488,松普,3月2日,8.81,-0.16,-1.78%,860,上櫃,10,9.16,8.07,33.8,16,駱國呈,駱秀勇
其他電子業,5489,彩富,3月2日,36.8,0.25,0.68%,44,上櫃,10,10.4,38.3,25.6,16,陳春生,陳春生
電腦及週邊設備業,5490,同亨,3月2日,58.6,0.1,0.17%,446,上櫃,10,9.44,55.3,19.9,15.8,張永銘,張永銘
電子零組件業,5491,連展,3月2日,9.97,-0.08,-0.80%,"1,510",上櫃,10,20.7,20.7,30.5,16,林肇聰,陳鴻儀
其他電子業,5493,三聯,3月2日,31.9,0,0%,22,上櫃,10,4.43,14.1,50,15.8,林榮渠,林廷芳
電子零組件業,5498,凱崴,3月2日,9.89,0.09,0.92%,255,上櫃,10,16.2,16,20,15.9,周邦基,初從維
建材營造業,5508,永信建,3月2日,25.05,0.1,0.40%,293,上櫃,10,21.7,54.5,29.9,18.8,陳俊銘,陳俊銘
建材營造業,5511,德昌,3月2日,23.65,-0.25,-1.05%,67,上櫃,10,13.3,31.6,30.8,18.2,黃政勇(格正投資股份),陳豐中
建材營造業,5512,力麒,3月2日,8.83,0,0%,980,上櫃,10,74.4,65.7,24.6,18.2,郭淑珍,郭淑珍
建材營造業,5514,三豐,3月2日,9.68,-0.05,-0.51%,52,上櫃,10,17.7,17.1,29.1,18.2,洪敏夫,洪敏夫
建材營造業,5516,雙喜,3月2日,8.94,0.04,0.45%,2,上櫃,10,3.83,3.42,35.1,17.9,邱南枝,邱南枝
建材營造業,5520,力泰,3月2日,27.2,0.15,0.55%,2,上櫃,10,7.1,19.3,40.8,17.3,吳良材,吳良材
建材營造業,5523,豐謙,3月2日,8.27,0.75,9.97%,284,上櫃,10,11.3,9.33,32.8,17.2,袁玉麒,劉瑞麟
建材營造業,5529,志嘉,3月2日,7.71,0.01,0.13%,11,上櫃,10,10.4,8.04,46.3,21.1,葉哲宏,張耀仁
其他業,5530,龍巖,3月2日,58,-0.5,-0.85%,295,上櫃,10,39.9,231,29.9,16.4,李世聰,劉偉龍
其他電子業,5536,聖暉,3月2日,113,0,0%,430,上櫃,10,4.72,53.4,38,6.3,梁進利,梁進利
建材營造業,5543,崇佑-KY,3月2日,24.7,-0.05,-0.20%,25,上櫃,10,2.72,6.72,7.3,0.8,楊明洲,唐後騏
航運業,5601,台聯櫃,3月2日,23.35,0,0%,0,上櫃,10,6.48,15.1,43.6,22.3,簡東捷,許哲雄
航運業,5603,陸海,3月2日,14,0.1,0.72%,236,上櫃,10,7.83,11,43.7,20.1,何英津,何英津
航運業,5604,中連貨,3月2日,33.5,0,0%,1,上櫃,10,10.9,36.4,62.6,19.8,蘇南州,江瑞萌
航運業,5609,中菲行,3月2日,21.45,0,0%,227,上櫃,10,12.9,27.7,31.6,15.4,錢堯懷,林天送
觀光事業,5701,劍湖山,3月2日,2.98,-0.02,-0.67%,409,上櫃,10,25.4,7.56,30.6,19,陳志鴻,尤義賢
觀光事業,5703,亞都,3月2日,24.1,0,0%,0,上櫃,10,7.02,16.9,39.8,17.7,周永銘,顏鎮國
觀光事業,5704,老爺知,3月2日,25.2,0.15,0.60%,5,上櫃,10,3.89,9.79,24.3,17.2,林清波,劉祖寧
金控業,5820,日盛金,3月2日,7.3,0.08,1.11%,"7,946",上櫃,10,354,259,15.1,15.1,黃錦瑭,王芝芳
金融保險業,5878,台名,3月2日,45.5,-1.1,-2.36%,43,上櫃,10,2.37,10.8,14.4,2.3,李正之,陳養國
貿易百貨業,5902,德記,3月2日,13,-0.25,-1.89%,170,上櫃,10,9.45,12.3,30.1,19.1,黃瑞典,劉俊北
貿易百貨業,5903,全家,3月2日,202.5,0,0%,8,上櫃,10,22.3,452,28.5,15,葉榮廷,薛東都
貿易百貨業,5904,寶雅,3月2日,365.5,-3.5,-0.95%,123,上櫃,10,9.65,353,20,14.5,陳建造,陳宗成
貿易百貨業,5905,南仁湖,3月2日,8.51,0,0%,822,上櫃,10,20.4,17.4,27.3,13.7,李清波,何曉光
證券業,6015,宏遠證,3月2日,7.21,-0.07,-0.96%,618,上櫃,10,38.7,27.9,55.2,20.6,柳漢宗,吳金榮
證券業,6016,康和證,3月2日,6.94,-0.01,-0.14%,312,上櫃,10,63.3,44,26.6,20.2,葉公亮,邱榮澄
證券業,6020,大展證,3月2日,12.9,0.1,0.78%,79,上櫃,10,25.2,32.6,28.7,14.1,李玉萍,張國忠
證券業,6021,大慶證,3月2日,9.9,-0.15,-1.49%,595,上櫃,10,30.7,30.4,28.7,13.9,莊隆慶,莊達修
證券業,6022,大眾證,3月2日,9.82,0.03,0.31%,777,上櫃,10,37.8,37.1,27.6,11.4,李雅彬,王登立
證券業,6023,元大期,3月2日,39.4,0,0%,78,上櫃,10,23.2,91.5,19.9,9.3,林添富,周筱玲
證券業,6024,群益期,3月2日,36.7,0,0%,255,上櫃,10,12.2,44.9,20,7.8,孫天山,李文柱
證券業,6026,福邦證,3月2日,9.53,-0.1,-1.04%,412,上櫃,10,24.2,23,27.5,1.1,林火燈,鄭更義
電子零組件業,6101,弘捷,3月2日,28.35,2.55,9.88%,830,上櫃,10,6.98,19.8,27.4,15.9,邱漢中,邱漢中
半導體業,6103,合邦,3月2日,17.6,0,0%,0,上櫃,10,5.71,10,21.1,15.8,柯拔希,楊介一
半導體業,6104,創惟,3月2日,42.25,0.5,1.20%,"1,810",上櫃,10,9.07,38.3,19.9,15.8,王國肇,林志榮
電腦及週邊設備業,6105,瑞傳,3月2日,39.6,-0.35,-0.88%,221,上櫃,10,10.4,41.2,24.2,15.9,羅旭華（政祺股份有限公司代表人）,官志凱
電子零組件業,6107,華美,3月2日,79,0,0%,713,上櫃,10,7.97,62.9,48.8,15.7,楊名衡,楊名衡
通信網路業,6109,亞元,3月2日,12.8,-0.05,-0.39%,70,上櫃,10,7.27,9.3,26.9,15.6,嚴維群,嚴維群
資訊服務業,6111,大宇資,3月2日,114.5,0,0%,32,上櫃,10,4.82,55.2,18.6,15.6,?俊光,?俊光
電子通路業,6113,亞矽,3月2日,10.6,0.5,4.95%,373,上櫃,10,5,5.3,30.9,15.6,蔡伯宜,蔡伯宜
電子零組件業,6114,久威,3月2日,53.8,0,0%,27,上櫃,10,3.98,21.4,34.7,15.4,湯慧芳,楊廷舜
電子通路業,6118,建達,3月2日,7.35,0.05,0.68%,105,上櫃,10,9.09,6.68,21.3,15.4,陳文琦,陳文康
電腦及週邊設備業,6121,新普,3月2日,99.4,-0.2,-0.20%,"1,036",上櫃,10,30.8,306,24.9,15.3,宋福祥,宋福祥
電機機械,6122,擎邦,3月2日,11.4,-0.3,-2.56%,359,上櫃,10,6.87,7.84,34.5,16.6,洪振攀,張明燦
電腦及週邊設備業,6123,上奇,3月2日,32.15,-0.05,-0.16%,218,上櫃,10,5.51,17.7,25.6,15.1,許承強,許承強
電子零組件業,6124,業強,3月2日,28.1,0,0%,7,上櫃,10,18.2,51.3,22.2,15,王台光,王台光
光電業,6125,廣運,3月2日,10.9,-0.05,-0.46%,348,上櫃,10,25.4,27.7,40.6,15.1,謝清褔,謝清褔
電子零組件業,6126,信音,3月2日,12.5,0.1,0.81%,361,上櫃,10,11.6,14.5,40.5,15.1,甘信男,楊政綱
電子零組件業,6127,九豪,3月2日,12.95,0,0%,149,上櫃,10,8.5,11,25.3,15.1,陳清金,陳清金
半導體業,6129,普誠,3月2日,9.05,-0.08,-0.88%,"1,017",上櫃,10,18.1,16.4,30.8,15.2,姜長安,張國威
生技醫療業,6130,基因,3月2日,60.7,4,7.05%,285,上櫃,10,2.67,16.2,23.2,14.9,黃坤鍵,黃坤鍵
電子零組件業,6134,萬旭,3月2日,10.4,-0.3,-2.80%,158,上櫃,10,9.28,9.65,29.7,15.1,張銘烈,張程欽
半導體業,6138,茂達,3月2日,37.8,0.65,1.75%,"7,808",上櫃,10,10.2,38.7,19.4,15.1,陳善南,王志信
資訊服務業,6140,訊達,3月2日,10.7,0.05,0.47%,58,上櫃,10,3.84,4.11,34.3,15.1,葉元椒,葉元椒
通信網路業,6143,振曜,3月2日,61.2,0.2,0.33%,478,上櫃,10,8.33,51,19.7,15.1,呂俊德,呂俊德
其他電子業,6144,得利影,3月2日,11.6,0.2,1.75%,11,上櫃,10,7.31,8.48,21.6,15.1,吳昭弘,楊愛麗
其他電子業,6146,耕興,3月2日,175,0,0%,39,上櫃,10,9.01,158,19.8,15.1,黃文亮,黃文亮
半導體業,6147,頎邦,3月2日,47.4,0,0%,"6,654",上櫃,10,64.9,308,19.7,15.1,吳非艱,高火文
資訊服務業,6148,驊宏資,3月2日,5.79,0.01,0.17%,78,上櫃,10,9,5.21,25.2,15.1,廖文鐸,廖文鐸
電腦及週邊設備業,6150,撼訊,3月2日,20.05,-0.3,-1.47%,177,上櫃,10,3.03,6.07,19.4,15,張茂松,陳劍威
其他電子業,6151,晉倫,3月2日,25.8,0.2,0.78%,645,上櫃,10,5.53,14.3,34.6,15,鐘春重,鐘春重
電子通路業,6154,順發,3月2日,17.1,0,0%,11,上櫃,10,8.01,13.7,21.2,15,吳錦昌,吳錦昌
電子零組件業,6156,松上,3月2日,25,0.25,1.01%,"3,591",上櫃,10,7.74,19.3,28.7,15,包仁志,陳添富
電子零組件業,6158,禾昌,3月2日,20.25,-0.25,-1.22%,"2,965",上櫃,10,11.3,23,31.1,15,陳可宣,陳則安
電腦及週邊設備業,6160,欣技,3月2日,25.15,0.05,0.20%,118,上櫃,10,6.85,17.2,28.4,15,廖宜彥,廖宜彥
電腦及週邊設備業,6161,捷波,3月2日,14.9,-0.2,-1.32%,767,上櫃,10,12.1,18,30.6,15,楊光強,從慶洲
通信網路業,6163,華電網,3月2日,11.75,0,0%,229,上櫃,10,10.3,12.2,22.8,15,陳國章,陳國章
光電業,6167,久正,3月2日,8.53,-0.11,-1.27%,"1,680",上櫃,10,16.2,13.8,25.5,14.9,王世岳,王世岳
資訊服務業,6169,昱泉,3月2日,26.8,2.1,8.50%,235,上櫃,10,3.55,9.51,27.9,14.9,許書綺,陳瑋慧
通信網路業,6170,統振,3月2日,9.52,0.01,0.11%,65,上櫃,10,8.97,8.54,39.5,14.9,陳敦仁,何明哲
建材營造業,6171,亞銳士,3月2日,10.9,0,0%,21,上櫃,10,7.54,8.21,21.6,14.9,賴源釗,賴源釗
電子零組件業,6173,信昌電,3月2日,19.5,0.4,2.09%,"10,613",上櫃,10,18.5,36.1,26.8,14.9,焦佑衡,楊進興
電子零組件業,6174,安碁,3月2日,15.45,0,0%,9,上櫃,10,5,7.72,26.3,14.8,林逸倫,李靜怡
電子零組件業,6175,立敦,3月2日,17.75,-0.25,-1.39%,139,上櫃,10,13.8,24.5,23.3,14.7,吳德銓,柯村忺
其他業,6179,亞通,3月2日,51,-0.5,-0.97%,55,上櫃,10,5.02,25.6,21.9,14.8,呂元瑞,呂元瑞
資訊服務業,6180,橘子,3月2日,28.8,-0.05,-0.17%,272,上櫃,10,15.8,45.4,21.7,14.8,劉柏園,劉柏園
半導體業,6182,合晶,3月2日,16,-0.25,-1.54%,"5,633",上櫃,10,41.3,66.1,19.6,14.8,焦平海,陳春霖
電子零組件業,6185,幃翔,3月2日,23.1,-0.25,-1.07%,786,上櫃,10,11.9,27.5,28.9,14.6,陳文鏗,陳文鏗
建材營造業,6186,新潤,3月2日,24.7,0.25,1.02%,550,上櫃,10,7.17,17.7,18.9,14.6,黃文辰,黃文興
其他電子業,6187,萬潤,3月2日,74,-3.5,-4.52%,"5,825",上櫃,10,8.42,62.3,20.8,14.4,盧鏡來,鄭新耀
電腦及週邊設備業,6188,廣明,3月2日,36.5,-0.5,-1.35%,"4,482",上櫃,10,27.8,102,18.1,14.5,林百里,何世池
通信網路業,6190,萬泰科,3月2日,14.65,-0.1,-0.68%,"2,847",上櫃,10,12.3,18,38.7,19.1,張銘烈,陳謙忠
電子零組件業,6194,育富,3月2日,16.25,-0.15,-0.91%,44,上櫃,10,7.8,12.7,34,14.2,劉永幹,劉永幹
貿易百貨業,6195,詩肯,3月2日,51,-2,-3.77%,186,上櫃,10,4.3,21.9,21.4,14.4,林福勤,林福勤
半導體業,6198,凌泰,3月2日,22.4,-0.6,-2.61%,7,上櫃,10,2.01,4.51,18.3,14.2,張敦凱,張敦凱
其他業,6199,天品,3月2日,17.4,0,0%,0,上櫃,10,6.18,10.7,23.9,0.4,李振寬,李振寬
電子零組件業,6203,海韻電,3月2日,31.7,-0.25,-0.78%,37,上櫃,10,8,25.3,41.5,14.2,張正宗,張修誠
電子零組件業,6204,艾華,3月2日,20.95,-0.45,-2.10%,23,上櫃,10,3.61,7.56,47,14.3,黃子軒,黃子軒
電子零組件業,6207,雷科,3月2日,26.75,-0.15,-0.56%,574,上櫃,10,8.4,22.5,28.5,14.2,鄭再興,黃萌義
電子零組件業,6208,日揚,3月2日,15.4,0.25,1.65%,869,上櫃,10,9.9,15.2,19.8,14.2,吳明田,寇崇善
電子零組件業,6210,慶生,3月2日,35.85,-0.2,-0.55%,37,上櫃,10,3.5,12.6,32.4,14,王年和,朱陳永慶
建材營造業,6212,理銘,3月2日,30.35,0,0%,0,上櫃,10,10.2,31,39.3,14.2,曾森縣,曾森縣
電子零組件業,6217,中探針,3月2日,38.9,-0.9,-2.26%,867,上櫃,10,6.32,24.6,31.1,14.1,陳志峰,陳志峰
通信網路業,6218,豪勉,3月2日,18.9,-0.2,-1.05%,121,上櫃,10,6.43,12.1,37.9,14.1,彭以豪,蘇惠婉
建材營造業,6219,富旺,3月2日,11,0,0%,26,上櫃,10,17.6,19.3,19.9,14,林正雄,林正雄
電子零組件業,6220,岳豐,3月2日,61.6,0.2,0.33%,"3,658",上櫃,10,12.5,76.7,33.5,14.1,葉春榮,林森褔
資訊服務業,6221,晉泰,3月2日,24.5,0.3,1.24%,5,上櫃,10,3.95,9.68,22.7,14.2,林澤鈿,林澤鈿
電腦及週邊設備業,6222,上揚,3月2日,6.75,0,0%,0,上櫃,10,2.88,1.94,30.5,14.1,魏政傑,魏政傑
半導體業,6223,旺矽,3月2日,88.1,-1,-1.12%,"1,497",上櫃,10,7.96,70.1,21.6,14.2,葛長林,郭遠明
電子通路業,6227,茂綸,3月2日,21.7,0.05,0.23%,75,上櫃,10,7.61,16.5,38.1,14.1,吳偉國,吳偉國
電腦及週邊設備業,6228,全譜,3月2日,11.85,0.1,0.85%,22,上櫃,10,2.12,2.51,23.4,14.1,高偉超,曾治元
半導體業,6229,研通,3月2日,13.15,0.05,0.38%,45,上櫃,10,3.61,4.75,25,14.1,許劍郎,黃正華
資訊服務業,6231,系微,3月2日,24.8,-0.15,-0.60%,86,上櫃,10,3.8,9.43,18.5,14.1,王志高,王志高
半導體業,6233,旺玖,3月2日,10.05,0.27,2.76%,"1,169",上櫃,10,8.46,8.5,19.3,14,張景棠,張景棠
光電業,6234,高僑,3月2日,18.55,0.25,1.37%,417,上櫃,10,9.29,17.2,26.8,14,李義隆,李義隆
其他業,6236,康呈,3月2日,29.15,2.65,10%,85,上櫃,10,3.17,9.23,19.4,13.9,吳俊毅,吳俊毅
半導體業,6237,驊訊,3月2日,27,0.15,0.56%,205,上櫃,10,7.79,21,25.2,13.9,鄭期成,鄭期成
其他電子業,6238,勝麗,3月2日,227.5,0,0%,848,上櫃,10,4.89,111,25.8,13.9,劉福洲,辛宗憲
資訊服務業,6240,松崗,3月2日,41,1.5,3.80%,36,上櫃,10,2.31,9.47,19.9,13.8,曹來春,呂志成
通信網路業,6241,易通展,3月2日,16.3,0.25,1.56%,174,上櫃,10,2.37,3.87,24.9,13.9,張福興,張宜慶
生技醫療業,6242,立康,3月2日,47.2,0,0%,0,上櫃,10,2.22,10.5,31.9,13.9,鄭育修,黃大晉
光電業,6244,茂迪,3月2日,30.3,1.2,4.12%,"10,117",上櫃,10,49,149,35.7,13.8,張秉衡,張秉衡
通信網路業,6245,立端,3月2日,44.4,-0.65,-1.44%,506,上櫃,10,10.4,46,30.3,13.8,周逸文,周逸文
光電業,6246,臺龍,3月2日,25.5,1.25,5.15%,78,上櫃,10,2.18,5.55,34.3,13.7,曾祐詮,曾祐詮
其他電子業,6247,淇譽電,3月2日,9.84,0.04,0.41%,62,上櫃,10,6.03,5.94,34.3,13.7,許黃月華,許文銓
鋼鐵工業,6248,沛波,3月2日,26.3,0.3,1.15%,12,上櫃,10,3.07,8.07,32.8,13.5,蔡玉葉,葉俊良
電子零組件業,6259,百徽,3月2日,3.21,-0.34,-9.58%,216,上櫃,10,7.29,2.34,23.2,13.5,陳正國,李代祥
半導體業,6261,久元,3月2日,45.85,-0.35,-0.76%,308,上櫃,10,12.8,58.9,25.6,12.9,汪秉龍,葉瑞斌
通信網路業,6263,普萊德,3月2日,51.4,-0.3,-0.58%,121,上櫃,10,6.25,32.1,24.2,13.5,陳清港,陳清港
建材營造業,6264,富裔,3月2日,7.7,-0.01,-0.13%,53,上櫃,10,11.6,8.96,19.7,13,祝文定,劉建文
電子通路業,6265,方土昶,3月2日,7.39,-0.08,-1.07%,113,上櫃,10,11.8,8.73,19.1,13.4,張政文,張政文
電子零組件業,6266,泰詠,3月2日,12.1,-0.1,-0.82%,205,上櫃,10,9.22,11.2,27,12.8,崔世和,崔世和
電子通路業,6270,倍微,3月2日,10.85,-0.1,-0.91%,188,上櫃,10,7.21,7.83,24.4,13.5,傅江松,傅江松
電子零組件業,6274,台燿,3月2日,41.6,0.7,1.71%,"2,874",上櫃,10,24.2,101,42.8,13.2,辛忠道,陳加南
其他電子業,6275,元山,3月2日,16.2,-0.55,-3.28%,939,上櫃,10,5.44,8.82,30,12.2,陳建榮,陳建榮
電腦及週邊設備業,6276,安鈦克,3月2日,9.6,-0.12,-1.23%,13,上櫃,10,3.37,3.24,38.4,13.3,李益昌,李益昌
電子零組件業,6279,胡連,3月2日,152.5,-1,-0.65%,446,上櫃,10,9.72,148,39.6,13.3,張子雄,胡盛清
電子零組件業,6284,佳邦,3月2日,21.75,0.15,0.69%,129,上櫃,10,10.3,22.3,18.7,12.7,鄭敦仁,曾明燦
半導體業,6287,元隆,3月2日,3,0,0%,0,上櫃,10,30.2,9.05,29.7,13.4,陳清忠,陳弘元
電子零組件業,6290,良維,3月2日,29.1,-0.1,-0.34%,232,上櫃,10,13.1,38.1,44.5,11.7,李淳正,李淳正
半導體業,6291,沛亨,3月2日,3.45,0.3,9.52%,1,上櫃,10,3.3,1.14,25.1,13.1,李明儒,李明儒
電子零組件業,6292,迅德,3月2日,33,-0.2,-0.60%,116,上櫃,10,4.69,15.5,30.8,13.3,陳嘉雄,蕭春桂
其他業,6294,智基,3月2日,124,-0.5,-0.40%,51,上櫃,10,2.03,25.1,20.2,13.1,邱仕榮,邱仕榮
電腦及週邊設備業,6298,崴強,3月2日,17.75,0,0%,917,上櫃,10,16.9,30,19.9,11,郭台強,蔡元豪
資訊服務業,6404,通訊-KY,3月2日,14.55,-0.05,-0.34%,129,上櫃,10,3.79,5.52,5.7,2.6,林維鈞,張上勇
半導體業,6411,晶焱,3月2日,70.3,0.3,0.43%,"2,564",上櫃,10,6.59,46.3,11.1,3,李俊昌,姜信欽
通信網路業,6417,韋僑,3月2日,41.5,-0.1,-0.24%,53,上櫃,10,3.56,14.8,17.9,1.4,曾穎堂,江鴻佑
光電業,6419,京晨科,3月2日,13.9,-0.05,-0.36%,46,上櫃,10,2.2,3.06,10.5,2.2,楊文彬,楊文彬
通信網路業,6426,統新,3月2日,79.5,-1,-1.24%,326,上櫃,10,3.23,25.7,13.6,2.2,劉奇林,藍宏利
電子零組件業,6432,今展科,3月2日,25.35,-0.8,-3.06%,55,上櫃,10,1.95,4.95,16,1.8,王琴賢,王琴賢
半導體業,6435,大中,3月2日,42.7,-0.9,-2.06%,224,上櫃,10,3.31,14.1,8.5,1.2,陳日昇,薛添福
生技醫療業,6446,藥華藥,3月2日,163.5,3,1.87%,681,上櫃,10,21.9,357,16.8,0.6,詹青柳,黃正谷
半導體業,6457,紘康,3月2日,29.9,-0.05,-0.17%,20,上櫃,10,2.87,8.58,9.7,1.7,趙伯寅,趙伯寅
半導體業,6462,神盾,3月2日,248.5,-8.5,-3.31%,991,上櫃,10,6.88,171,9.2,1.2,羅森洲,羅森洲
通信網路業,6465,威潤,3月2日,67,-0.1,-0.15%,17,上櫃,10,2.44,16.3,7.1,1.3,湯潤闊,湯潤闊
生技醫療業,6469,大樹,3月2日,85.4,-0.1,-0.12%,27,上櫃,10,2.65,22.7,15.8,0.9,劉玉騰,鄭明龍
通信網路業,6470,宇智,3月2日,51.8,-0.2,-0.38%,112,上櫃,10,3.2,16.6,12.7,1.3,袁允中,袁允中
文化創意業,6482,弘煜科,3月2日,55.1,-1.9,-3.33%,14,上櫃,10,1.41,7.76,7.3,0.7,洪而立,洪而立
半導體業,6485,點序,3月2日,53.7,-0.1,-0.19%,86,上櫃,10,3.04,16.3,9.1,1.3,劉坤旺,劉坤旺
通信網路業,6486,互動,3月2日,35.1,-0.35,-0.99%,75,上櫃,10,4.62,16.2,13.8,0.5,鄭炎為,郭俊良
半導體業,6488,環球晶,3月2日,184.5,-2.5,-1.34%,"7,180",上櫃,10,36.9,681,5.4,1.4,徐秀蘭,Mark England
半導體業,6494,九齊,3月2日,38.25,-0.4,-1.03%,190,上櫃,10,2.66,10.2,10.3,0.8,郭秋麗,陳建隆
生技醫療業,6496,科懋,3月2日,75.3,-1.9,-2.46%,290,上櫃,10,4.67,35.1,28.6,1.2,陳澤民,陳澤民
生技醫療業,6499,益安,3月2日,103,0,0%,70,上櫃,10,5.08,52.3,4.2,0.6,張有德,張有德
化學工業,6506,雙邦,3月2日,24.3,-0.25,-1.02%,196,上櫃,10,7.69,18.7,27.3,5.8,張崇棠,許瑜娟
塑膠工業,6508,惠光,3月2日,27.4,-0.05,-0.18%,42,上櫃,10,8.14,22.3,51.2,12.9,陳榮東,陳冠華
化學工業,6509,聚和,3月2日,18.25,-0.15,-0.82%,679,上櫃,10,16.3,29.7,42.1,12.9,郭聰田,郭聰田
半導體業,6510,精測,3月2日,1320,-10,-0.75%,342,上櫃,10,3.08,406,11.5,0.9,李世欽,黃水可
其他電子業,6512,啟發電,3月2日,32.65,-0.95,-2.83%,95,上櫃,10,2.5,8.16,10.9,0.9,張鈺欽,張鈺欽
通信網路業,6514,芮特-KY,3月2日,39.1,-0.4,-1.01%,1,上櫃,10,2.14,8.35,2.5,1.3,吳東義,蔣孝彥
生技醫療業,6523,達爾膚,3月2日,188.5,-1,-0.53%,217,上櫃,10,4.58,86.4,14,0.7,吳奕叡,許靜媛
半導體業,6532,瑞耘,3月2日,26.5,-1.8,-6.36%,"1,057",上櫃,10,3.16,8.38,19,0.4,呂學恒,呂學恒
生技醫療業,6535,順藥,3月2日,48.2,0.2,0.42%,244,上櫃,10,9.42,45.4,16.3,0.4,蔡長海,黃文英
電子零組件業,6538,倉和,3月2日,68.2,-1.6,-2.29%,41,上櫃,10,3.03,20.7,22.9,0.4,蔡富得,陳柑富
文化創意業,6542,隆中,3月2日,90.1,0.1,0.11%,27,上櫃,10,3,27,6.2,0.5,曾仲銘,熊家麒
光電業,6548,長華科,3月2日,295,0.5,0.17%,43,上櫃,10,2.46,72.6,7.2,0.5,黃嘉能,溫文郁
生技醫療業,6554,中美冠科-KY,3月2日,53.2,-1.3,-2.39%,238,上櫃,10,14.5,77.1,3.4,0.2,余國良,Jean Pierre Wery
光電業,6560,欣普羅,3月2日,91,-4.4,-4.61%,548,上櫃,10,1.72,15.6,17.4,0.1,陳義文,陳義文
半導體業,6568,宏觀,3月2日,157.5,-5,-3.08%,389,上櫃,10,2.25,35.4,10.3,0.2,林坤禧,孫德風
生技醫療業,6569,醫揚,3月2日,226,1,0.44%,70,上櫃,10,1.82,41.1,7.1,0.2,莊永順,莊永順
電機機械,6603,富強鑫,3月2日,12.05,0,0%,230,上櫃,10,12.3,14.8,25.6,12.9,王伯壎,蔡勝宗
電機機械,6609,瀧澤科,3月2日,23.45,0,0%,64,上櫃,10,7.1,16.7,45.6,13.4,瀧澤修三,戴雲錦
其他業,6803,崑鼎,3月2日,177.5,-1,-0.56%,80,上櫃,10,6.64,118,17.2,6.8,林俊華,廖俊吉吉
光電業,7402,邑錡,3月2日,68,0.4,0.59%,2,上櫃,10,1.87,12.7,13.3,1.2,陳世哲,陳世哲
半導體業,8024,佑華,3月2日,11.65,0.05,0.43%,26,上櫃,10,4.6,5.36,24.6,10.4,林振興,翁啟培
電機機械,8027,鈦昇,3月2日,23.4,1,4.46%,"3,465",上櫃,10,5.42,12.7,22.3,1.7,王明慶,陳坤山
電子通路業,8032,光菱,3月2日,25.1,0.05,0.20%,12,上櫃,10,5.18,13,29.5,13.4,呂全福,林修源
通信網路業,8034,榮群,3月2日,7.96,0.12,1.53%,303,上櫃,10,6.29,5,24.9,12.8,王慶橖,王慶橖
電子零組件業,8038,長園科,3月2日,45.7,-0.5,-1.08%,118,上櫃,10,5.65,25.8,19.5,3.3,張李琇玉,張惇育
半導體業,8040,九暘,3月2日,7.15,-0.03,-0.42%,40,上櫃,10,8.27,5.91,19.6,9.8,羅瑞祥,蕭捷勝
電子零組件業,8042,金山電,3月2日,57,0,0%,"1,573",上櫃,10,11,62.6,47,12.9,江士勳,江慶信
電子零組件業,8043,蜜望實,3月2日,17.9,0,0%,62,上櫃,10,7.99,14.3,27.8,13.4,林訓民,林訓民
資訊服務業,8044,網家,3月2日,231,7,3.12%,"5,962",上櫃,10,11,255,18.6,12.1,詹宏志,李宏麟
其他電子業,8047,星雲,3月2日,11,-0.35,-3.08%,17,上櫃,10,4.15,4.56,27.9,13.1,賴金森,石梁
通信網路業,8048,德勝,3月2日,26.25,-0.55,-2.05%,115,上櫃,10,5.33,14,35.6,7.5,林坤銘,楊育哲
光電業,8049,晶采,3月2日,15.85,0,0%,"1,021",上櫃,10,11.8,18.7,19,13.1,蘇漢傑,陳志湧
電腦及週邊設備業,8050,廣積,3月2日,64.2,-0.3,-0.47%,"2,478",上櫃,10,11.8,75.9,17,13.4,林秋旭,吳玉成
半導體業,8054,安國,3月2日,19.05,-0.05,-0.26%,124,上櫃,10,7.39,14.1,17.3,12.3,張琦棟,張琦棟
通信網路業,8059,凱碩,3月2日,13.1,0.1,0.77%,386,上櫃,10,9.11,11.9,18.7,7,沈軾榮,楊士立
光電業,8064,東捷,3月2日,18.55,-0.45,-2.37%,"5,906",上櫃,10,16.4,30.5,18.8,10.4,嚴瑞雄,陳贊仁
貿易百貨業,8066,來思達,3月2日,107,0.5,0.47%,524,上櫃,10,2.51,26.9,20.2,12.2,馮周金鑾,詹瑞德
電子通路業,8067,志旭,3月2日,4.69,-0.1,-2.09%,31,上櫃,10,4.48,2.1,27.9,12.9,陳曜芳,陳曜芳
電子通路業,8068,全達,3月2日,36.1,-1.5,-3.99%,85,上櫃,10,6.7,24.2,19.8,12.9,陳文琦,陳永源
光電業,8069,元太,3月2日,24.85,0,0%,"4,361",上櫃,10,114,283,24.7,12.9,柯富仁,李政昊
電子零組件業,8071,能率豐,3月2日,13.4,0.3,2.29%,23,上櫃,10,5.19,6.95,23.7,13.2,胡湘麒,胡湘麒
電子零組件業,8074,鉅橡,3月2日,31.9,0,0%,258,上櫃,10,7.52,24,21.1,13.1,莊煌星,莊煌星
電腦及週邊設備業,8076,伍豐,3月2日,60,-0.2,-0.33%,"1,012",上櫃,10,24.7,148,22.1,13.2,徐明哲,徐明哲
觀光事業,8077,洛碁,3月2日,23,1,4.55%,3,上櫃,10,8.06,18.5,22.6,12.2,江美玲,謝秀美
電子零組件業,8080,奧斯特,3月2日,14.95,-0.05,-0.33%,128,上櫃,10,6.4,9.57,23.2,12.8,許世弘,許世弘
電機機械,8083,瑞穎,3月2日,164.5,-0.5,-0.30%,102,上櫃,10,3.51,57.8,19.3,12.4,陳柏峰,陳柏津
電子通路業,8084,巨虹,3月2日,36.3,0.2,0.55%,47,上櫃,10,5.39,19.6,23.2,13,鄭月卿,蕭焜賢
其他電子業,8085,福華,3月2日,6.84,-0.13,-1.87%,"1,303",上櫃,10,15.7,10.8,46.5,13,林蔚山,許孟祺
半導體業,8086,宏捷科,3月2日,61,-0.4,-0.65%,"3,491",上櫃,10,14.3,87.2,18.2,7.8,祁幼銘,黃國鈞
光電業,8087,華鎂鑫,3月2日,8.53,-0.02,-0.23%,51,上櫃,10,2.99,2.55,19.5,13,楊慶堂,楊慶堂
半導體業,8088,品安,3月2日,21.3,0.8,3.90%,"2,787",上櫃,10,5.79,12.3,23.1,13,謝吳沛,謝吳沛
電子零組件業,8091,翔名,3月2日,55,0.3,0.55%,235,上櫃,10,6.07,33.4,25.2,12.7,吳宗豐,吳宗豐
其他電子業,8092,建暐,3月2日,7.86,0.11,1.42%,69,上櫃,10,3.89,3.05,32.7,13.1,李聰林,李聰林
電子零組件業,8093,保銳,3月2日,6.87,0.14,2.08%,329,上櫃,10,6.42,4.41,26.9,12.2,蘇彥文,蘇彥文
電子通路業,8096,擎亞,3月2日,16.15,-1.15,-6.65%,"5,041",上櫃,10,14,22.5,19.3,12.6,李熙俊,申東洙
通信網路業,8097,常珵,3月2日,13.1,0.1,0.77%,67,上櫃,10,2.67,3.49,30.7,13,林銜錄,林銜錄
資訊服務業,8099,大世科,3月2日,18.35,0,0%,63,上櫃,10,6.72,12.3,16.8,12.9,沈柏延,劉盈秀
電機機械,8107,大億科,3月2日,22.8,0.1,0.44%,67,上櫃,10,9.93,22.6,19.2,11.3,吳俊億,楊智元
電子零組件業,8109,博大,3月2日,62.3,0,0%,64,上櫃,10,6,37.4,24.7,11.9,廖本崇,廖本崇
光電業,8111,立碁,3月2日,5.85,0.01,0.17%,255,上櫃,10,11.7,6.85,27.7,13.1,童義興,童義興
電子零組件業,8121,越峰,3月2日,12.75,-0.15,-1.16%,248,上櫃,10,18.2,23.3,25.5,12,吳亦圭,吳憲聰
電子零組件業,8147,正淩,3月2日,38.5,-0.2,-0.52%,105,上櫃,10,2.49,9.57,30.4,3.8,徐季麟,陳言成
電子零組件業,8155,博智,3月2日,35.8,0.1,0.28%,421,上櫃,10,4.98,17.8,21.9,4.2,張永青,洪輝龍
通信網路業,8171,天宇,3月2日,11.6,-0.1,-0.85%,125,上櫃,10,5.15,5.97,33.4,5.2,吳祖榆,吳祖璋
通信網路業,8176,智捷,3月2日,10.85,0.4,3.83%,"4,282",上櫃,10,7.25,7.87,22,3.7,凡恩科技有限公司,謝金生
電子零組件業,8182,加高,3月2日,14.75,-0.05,-0.34%,88,上櫃,10,10.7,15.8,40.3,10.8,楊瑞陽,楊瑞陽
其他電子業,8183,精星,3月2日,23.5,0.6,2.62%,"2,147",上櫃,10,11.3,26.6,26.2,11.9,焦佑衡,張振紘
電腦及週邊設備業,8234,新漢,3月2日,31.85,0,0%,313,上櫃,10,14.1,44.8,24.3,9.7,林茂昌,楊建興
光電業,8240,華宏,3月2日,21,-0.3,-1.41%,230,上櫃,10,10,21,43.6,11.7,張瑞欽,葉清彬
電機機械,8255,朋程,3月2日,107.5,0,0%,216,上櫃,10,7.49,80.5,18.3,10.9,盧明光,吳憲忠
半導體業,8277,商丞,3月2日,11.45,0.25,2.23%,"2,184",上櫃,10,9.16,10.5,22.8,12.2,程慶中,程慶中
生技醫療業,8279,生展,3月2日,105,-2.5,-2.33%,134,上櫃,10,2.1,22.1,17.8,0.4,陳威仁,陳威仁
電子零組件業,8287,英格爾,3月2日,19.25,-0.35,-1.79%,"1,792",上櫃,10,14,27,36.1,12.2,張志榮,呂正東
電子零組件業,8289,泰藝,3月2日,10.85,-0.15,-1.36%,157,上櫃,10,7.75,8.41,16.9,8.9,宋勝泰,宋勝泰
電子零組件業,8291,尚茂,3月2日,5.69,0,0%,0,上櫃,10,7.6,4.33,19.2,5.3,黃敏恭,紀榮隆
電腦及週邊設備業,8299,群聯,3月2日,264,-3.5,-1.31%,"1,555",上櫃,10,19.7,520,16.3,12.2,潘健成,歐陽志光
鋼鐵工業,8349,恒耀,3月2日,89.9,0.9,1.01%,113,上櫃,10,9.1,81.8,31.9,11,吳榮彬,吳健序
塑膠工業,8354,冠好,3月2日,16.15,-0.2,-1.22%,48,上櫃,10,6.37,10.3,24.7,12.9,楊文章,李永坤
電子零組件業,8358,金居,3月2日,54.3,1,1.88%,"6,713",上櫃,10,21.1,114,18.8,6.4,宋恭源,李思賢
其他電子業,8383,千附,3月2日,50.5,0.2,0.40%,763,上櫃,10,11.8,59.7,34.8,12.5,張瓊如,賴志明
其他業,8390,金益鼎,3月2日,16.25,-0.1,-0.61%,269,上櫃,10,9.55,15.5,19.9,8.8,莊清旗,莊瑞元
其他業,8401,白紗科,3月2日,10.4,-0.15,-1.42%,29,上櫃,10,6.01,6.25,16.9,6.9,林衍束,陳俊傑
生技醫療業,8403,盛弘,3月2日,38.75,-0.3,-0.77%,308,上櫃,10,7.56,29.3,13.3,6,楊弘仁,劉慶文
生技醫療業,8406,金可-KY,3月2日,304,1,0.33%,171,上櫃,10,9.27,282,9.7,4.8,蔡國洲,蔡國源
生技醫療業,8409,商之器,3月2日,22.7,-0.45,-1.94%,43,上櫃,10,2.8,6.36,29.1,3.3,盤文龍,盤文龍
電腦及週邊設備業,8410,森田,3月2日,26.65,-0.05,-0.19%,70,上櫃,10,3.66,9.75,44.5,6,黃樟山,黃展隆
鋼鐵工業,8415,大國鋼,3月2日,18.25,-0.4,-2.14%,"3,211",上櫃,10,61.2,112,9.6,0.5,謝麗雲,謝榮坤
資訊服務業,8416,實威,3月2日,92,0,0%,55,上櫃,10,2.56,23.6,11.7,4.5,李建興,許泰源
其他業,8418,捷必勝-KY,3月2日,12.85,0.65,5.33%,32,上櫃,10,6.8,8.74,7.1,5.2,林永車,林永車
其他業,8420,明揚,3月2日,21.85,-0.15,-0.68%,36,上櫃,10,5.1,11.1,10.6,2.3,鄭錫潛,蔡忠城
其他業,8421,旭源,3月2日,19.35,-0.1,-0.51%,118,上櫃,10,4.55,8.81,12.3,4.3,黃南源,黃南源
其他業,8423,保綠-KY,3月2日,18.35,-0.05,-0.27%,9,上櫃,10,1.94,3.57,7.3,5,陳東興,李雲山
建材營造業,8424,惠普,3月2日,37.65,-0.2,-0.53%,105,上櫃,10,3.61,13.6,35.3,4.2,張世宗,倪勇
其他業,8426,紅木-KY,3月2日,50.2,0.25,0.50%,57,上櫃,10,4.83,24.2,6.5,5.2,蘇聰明,李聖強
其他電子業,8431,匯鑽科,3月2日,52.8,-1.1,-2.04%,420,上櫃,10,4.49,23.7,8.4,1.9,李素白,黃崇榮
生技醫療業,8432,東生華,3月2日,79.3,-1.3,-1.61%,373,上櫃,10,3.84,30.4,6.5,4.8,李建賢,陳俊良
貿易百貨業,8433,弘帆,3月2日,116.5,0.5,0.43%,157,上櫃,10,5.26,61.3,31.9,4.2,朱鵬飛,朱鵬飛
其他業,8435,鉅邁,3月2日,44.2,0.15,0.34%,34,上櫃,10,3.17,14,39.5,4.2,丁敏學,陳建都
生技醫療業,8436,大江,3月2日,167.5,-2.5,-1.47%,666,上櫃,10,7.56,127,36.5,3.5,楊武男,林詠翔
其他業,8437,大地-KY,3月2日,172.5,0.5,0.29%,22,上櫃,10,3.27,56.3,8.8,1.8,程釱坤,程釱坤
其他業,8444,綠河-KY,3月2日,170.5,-1.5,-0.87%,82,上櫃,10,7.4,126,6.1,1.3,謝榮輝,黃登士
其他業,8446,華研,3月2日,115,0,0%,209,上櫃,10,4.28,49.2,17.8,3.2,呂燕清,何燕玲
文化創意業,8450,霹靂,3月2日,84.1,0.5,0.60%,108,上櫃,10,4.79,40.3,20.7,2.4,黃文章,黃文章
其他電子業,8455,大拓-KY,3月2日,28.95,-0.2,-0.69%,21,上櫃,10,2.52,7.3,3.2,1.1,佐佐木Beji,奧山一寸法師
觀光事業,8462,柏文,3月2日,81.3,0,0%,16,上櫃,10,4.1,33.3,11.4,1,陳尚義,陳尚文
資訊服務業,8472,夠麻吉,3月2日,41.7,-0.3,-0.71%,71,上櫃,10,2.03,8.47,6.6,1.1,吳怡霖,吳怡霖
資訊服務業,8477,創業家,3月2日,57.6,0.2,0.35%,50,上櫃,10,1.96,11.3,4.8,0.3,郭書齊,郭家齊
其他業,8905,裕國,3月2日,15.55,0.05,0.32%,285,上櫃,10,11.9,18.6,26.8,21.1,楊連發,楊連發
其他業,8906,花王,3月2日,5.88,0.04,0.68%,5,上櫃,10,5.13,3.02,48.6,20.9,謝宗翰,謝宗翰
油電燃氣業,8908,欣雄,3月2日,29.25,0,0%,0,上櫃,10,14.5,42.3,30.9,20,朱坤塗,朱文煌
其他業,8913,全銓,3月2日,39.7,0,0%,208,上櫃,10,4.37,17.4,32.3,18.7,李家弘,王慧中
其他業,8916,光隆,3月2日,50,-0.2,-0.40%,"1,258",上櫃,10,10.8,54.2,51,17.9,詹賀博,詹賀博
油電燃氣業,8917,欣泰,3月2日,47.7,0,0%,0,上櫃,10,12.2,58.3,31.2,17.8,林振英,張怒潮
其他業,8921,沈氏,3月2日,15.35,0,0%,0,上櫃,10,4.66,7.15,39.2,16.9,陳正剛,陳正剛
其他業,8923,時報,3月2日,16.9,0,0%,0,上櫃,10,3.04,5.13,31.3,17.2,趙政岷,趙政岷
其他業,8924,大田,3月2日,13,-0.1,-0.76%,56,上櫃,10,12.1,15.8,28.6,17.1,李孔文,許戎民
油電燃氣業,8927,北基,3月2日,9.86,0.05,0.51%,29,上櫃,10,19.2,18.9,28.2,16.3,鍾嘉村,王智民
其他業,8928,鉅明,3月2日,22.55,-0.05,-0.22%,166,上櫃,10,5.09,11.5,43.7,16.1,林進能,蔡昌均
其他業,8929,富堡,3月2日,33.1,0.8,2.48%,339,上櫃,10,3.68,12.2,39.5,16.3,林煥強,林煥強
鋼鐵工業,8930,青鋼,3月2日,13.5,-0.15,-1.10%,81,上櫃,10,7,9.45,34.6,16.2,陳清安,陳元籐
油電燃氣業,8931,大汽電,3月2日,21.9,0,0%,25,上櫃,10,11.6,25.5,23.6,15.8,李肖宗,張世陽
其他業,8932,宏大,3月2日,8.65,0,0%,0,上櫃,10,4.88,4.22,39,15.9,洪寶川,洪寶川
其他業,8933,愛地雅,3月2日,11.4,-0.1,-0.87%,277,上櫃,10,14.8,16.9,36.5,15.9,張元賓,張元賓
其他業,8934,衡平,3月2日,38.9,1.15,3.05%,4,上櫃,10,0.851,3.31,29.2,15.5,薩摩亞商博閱有限公司代表人趙元旗,張愛倫
其他業,8935,邦泰,3月2日,6,0,0%,34,上櫃,10,12,7.22,34.2,14.9,亨利通投資股份有限公司代表人:沈茂根,沈茂根
其他業,8936,國統,3月2日,24.3,-0.05,-0.21%,"2,773",上櫃,10,22.6,54.9,38.6,14.5,梁家源,葉清正
其他業,8937,合騏,3月2日,13.85,0.55,4.14%,"1,571",上櫃,10,7.25,10,41.4,14.3,陳昱妤,陳昱妤
其他業,8938,明安,3月2日,26.1,-0.35,-1.32%,155,上櫃,10,13.3,34.8,29.6,14.2,鄭錫潛,鄭錫潛
貿易百貨業,8941,關中,3月2日,62.1,-0.7,-1.11%,11,上櫃,10,2.36,14.7,40.9,14.1,洪文照,洪文照
其他業,8942,森鉅,3月2日,75.9,0.7,0.93%,"1,659",上櫃,10,15.6,118,22.5,13.8,鄭憲得,鄭憲松
其他業,9949,琉園,3月2日,11.65,0.05,0.43%,14,上櫃,10,4.7,5.48,22.9,13.3,王永山,王永山
塑膠工業,9950,萬國通,3月2日,14.65,-0.15,-1.01%,72,上櫃,10,6.83,10,37.9,13,謝明振,謝明振
電機機械,9951,皇田,3月2日,180.5,-2,-1.10%,232,上櫃,10,7.49,135,33.6,13.2,周幼珊,周幼珊
貿易百貨業,9960,邁達康,3月2日,32.1,1,3.22%,71,上櫃,10,3.36,10.8,17,12.2,吳沖,黃瓊瑤
鋼鐵工業,9962,有益,3月2日,10.6,0,0%,93,上櫃,10,9.02,9.56,21.1,10.6,劉憲同,劉憲榮
